 동서울대 컴퓨터정보과 전화번호?,컴퓨터정보과 전화번호는 031-720-2150 입니다.
 동서울대 컴퓨터소프트웨어과 전화번호?,컴퓨터소프트웨어과 전화번호는 031-720-2090 입니다.
 동서울대 컴퓨터전자과 전화번호?, 컴퓨터전자과 전화번호는 031-720-2070 입니다.
 동서울대 항공기계과 전화번호?,항공기계과 전화번호는 031-720-2055 입니다.
 동서울대 미래자동차과 전화번호?,미래자동차과 전화번호는 031-720-2040 입니다.
 동서울대 전기공학과 전화번호?,전기공학과 전화번호는 031-720-2060 입니다.
 동서울대 IT융합학과 전화번호?, IT융합학과 전화번호는 031-720-2080 입니다.
 동서울대 건축학과 전화번호?, 건축학과 전화번호는 031-720-2130 입니다.
 동서울대 디지털방송콘텐츠학과 전화번호?, 디지털방송콘텐츠학과 전화번호는 031-720-2170 입니다.
 동서울대 실내디자인학과 전화번호?,실내디자인학과 전화번호는 031-720-2920 입니다.
 동서울대 게임콘텐츠학과 전화번호?, 게임콘텐츠학과 전화번호는 031-720-2940 입니다.
 동서울대 자유전공학과 전화번호?,자유전공학과 전화번호는 031-724-2338 입니다.
 동서울대 스마트드론과 전화번호?,스마트드론과 전화번호는 031-720-2086 입니다.
 동서울대 디지털헬스케어과 전화번호?,디지털헬스케어과 전화번호는 031-720-2077 입니다.
 동서울대 호텔외식조리과 전화번호?,호텔외식조리과 전화번호는 031-720-2201 입니다.
 동서울대 카페베이커리학과 전화번호?,카페베이커리학과 전화번호는 031-720-2201 입니다.
 동서울대 보건의료행정과 전화번호?, 보건의료행정과 전화번호는 031-724-2332 입니다.
 동서울대 세무회계과 전화번호?,세무회계과 전화번호는 031-720-2126 입니다.
 동서울대 마케팅과 전화번호?,마케팅과 전화번호는 031-720-2930 입니다.
 동서울대 도시계획부동산과 전화번호?,도시계획부동산과 전화번호는 031-720-2120 입니다.
 동서울대 호텔관광경영과 전화번호?,호텔관광경영학과 전화번호는 031-720-2240 입니다.
 동서울대 아동보육과 전화번호?, 아동보육과 전화번호는 031-720-2280 입니다.
 동서울대 사회복지학과 전화번호?,사회복지학과 전화번호는 031-720-2270 입니다.
 동서울대 항공서비스학과 전화번호?,항공서비스과 전화번호는 031-720-2960 입니다.
 동서울대 글로벌중국비즈니스과 전화번호?,글로벌중국비즈니스학과 전화번호는 031-720-2950 입니다.
 동서울대 사회복지상담과 전화번호?,"사회복지상담과 전화번호는 031-720-2270, 2278 입니다."
 동서울대 레저스포츠학과 전화번호?,레저스포츠학과 전화번호는 031-720-2230 입니다.
 동서울대 경호스포츠학과 전화번호?,경호스포츠학과 전화번호는 031-720-2230 입니다.
 동서울대 산업디자인학과 전화번호?,"산업디자인학과 전화번호는 031-720-2110, 2118 입니다."
 동서울대 시각디자인학과 전화번호?,"시각디자인학과 전화번호는 031-720-2100, 2105 입니다."
 동서울대 패션디자인과 전화번호?,패션디자인학과 전화번호는 031-720-2180 입니다.
 동서울대 주얼리디자인과 전화번호?,주얼리디자인학과 전화번호는 031-720-2140 입니다.
 동서울대 뷰티코디네이션과 전화번호?,뷰티코디네이션학과 전화번호는 031-720-2250 입니다.
 동서울대 연기예술학과 전화번호?,연기예술학과 전화번호는 031-720-2910 입니다.
 동서울대 실용음악과 전화번호?,실용음악과 전화번호는 031-724-2345 입니다.
 동서울대 콘텐츠크리에이터과 전화번호?,콘텐츠크리에이터학과 전화번호는 031-720-2114 입니다.
 동서울대 엔터테이먼트경영과 전화번호?,엔터테이먼트경영과 전화번호는 031-724-2330 입니다.
 동서울대 K-POP과 전화번호?,K-POP과 전화번호는 031-724-2335 입니다.
 동서울대 메타버스게임애니메이션과 전화번호?,메타버스게임애니메이션과 전화번호는 031-720-2909 입니다.
 동서울대 무대미술과 전화번호?,무대미술과 전화번호는 031-724-2336 입니다.
 동서울대 웹툰과 전화번호?,웹툰과 전화번호는 031-720-2118 입니다. 
 동서울대 AI응용소프트웨어과(P-TECH) 전화번호?, AI응용소프트웨어과(P-TECH) 전화번호는 031-724-2393 입니다.
 동서울대 AI응용소프트웨어학과(경력개발고도화) 전화번호?, AI응용소프트웨어학과(경력개발고도화) 031-724-2393 입니다.
 동서울대 인공지능컴퓨팅과(P-TECH) 전화번호?,인공지능컴퓨팅과(P-TECH) 전화번호는 031-724-2393 입니다.
 동서울대 제과산업특화과(재직자학위연계형) 전화번호?,제과산업특화과(재직자학위연계형) 전화번호는 031-724-2393 입니다.
 동서울대 헤어디자인과(재직자학위연계형) 전화번호?,헤어디자인과(재직자학위연계형) 전화번호는 031-724-2393 입니다.
 동서울대 [재학생]미래자동차학과(첨단산업아카데미) 전화번호?,[재학생]미래자동차학과(첨단산업아카데미)  전화번호는 031-720-2040 입니다.
 동서울대 컴퓨터정보과 팩스번호?,컴퓨터정보과 팩스번호는 031-720-2292 입니다.
 동서울대 컴퓨터소프트웨어과 팩스번호?,컴퓨터소프트웨어과 팩스번호는 031-720-2287 입니다.
 동서울대 컴퓨터전자과 팩스번호?,컴퓨터전자과 팩스번호는 031-720-2286 입니다.
 동서울대 항공기계과 팩스번호?,항공기계과 팩스번호는 031-720-2261 입니다.
 동서울대 미래자동차과 팩스번호?,미래자동차과 팩스번호는 031-720-2261 입니다.
 동서울대 전기공학과 팩스번호?,전기공학과 팩스번호는 031-720-2262 입니다.
 동서울대 IT융합학과 팩스번호?,IT융합학과 팩스번호는 031-720-2286 입니다.
 동서울대 건축학과 팩스번호?,건축학과 팩스번호는 031-720-2291 입니다.
 동서울대 디지털방송콘텐츠학과 팩스번호?,디지털방송콘텐츠학과 팩스번호는 031-720-2294 입니다.
 동서울대 실내디자인학과 팩스번호?,실내디자인학과 팩스번호는 031-720-2928 입니다.
 동서울대 게임콘텐츠학과 팩스번호?,게임콘텐츠학과 팩스번호는 031-720-2961 입니다.
 동서울대 자유전공학과 팩스번호?,자유전공학과 팩스번호는 입니다.
 동서울대 스마트드론과 팩스번호?,스마트드론과 팩스번호는 031-720-2261 입니다.
 동서울대 디지털헬스케어과 팩스번호?,디지털헬스케어과 팩스번호는 031-720-2263 입니다.
 동서울대 호텔외식조리과 팩스번호?,호텔외식조리과 팩스번호는 031-720-2297 입니다.
 동서울대 카페베이커리학과 팩스번호?,카페베이커리학과 팩스번호는 031-720-2297 입니다.
 동서울대 보건의료행정과 팩스번호?,보건의료행정과 팩스번호는 031-724-2333 입니다.
 동서울대 세무회계과 팩스번호?,세무회계과 팩스번호는 031-720-2290 입니다.
 동서울대 마케팅과 팩스번호?,마케팅과 팩스번호는 031-720-2290 입니다.
 동서울대 도시계획부동산과 팩스번호?,도시계획부동산과 팩스번호는 031-720-2290 입니다.
 동서울대 호텔관광경영과 팩스번호?,호텔관광경영과 팩스번호는 031-720-2297 입니다.
 동서울대 아동보육과 팩스번호?,아동보육과 팩스번호는 031-720-2917 입니다.
 동서울대 사회복지학과 팩스번호?,사회복지학과 팩스번호는 031-720-2916 입니다.
 동서울대 항공서비스학과 팩스번호?,항공서비스학과 팩스번호는 031-720-2956 입니다.
 동서울대 글로벌중국비즈니스과 팩스번호?,글로벌중국비즈니스과 팩스번호는 031-720-2958 입니다.
 동서울대 사회복지상담과 팩스번호?,사회복지상담과 팩스번호는 031-720-2916 입니다.
 동서울대 레저스포츠학과 팩스번호?,레저스포츠학과 팩스번호는 031-720-2296 입니다.
 동서울대 경호스포츠학과 팩스번호?,경호스포츠학과 팩스번호는 031-720-2296 입니다.
 동서울대 산업디자인학과 팩스번호?,산업디자인학과 팩스번호는 031-720-2289 입니다.
 동서울대 시각디자인학과 팩스번호?,시각디자인학과 팩스번호는 031-720-2265 입니다.
 동서울대 패션디자인과 팩스번호?,패션디자인과 팩스번호는 031-720-2295 입니다.
 동서울대 주얼리디자인과 팩스번호?,주얼리디자인과 팩스번호는 031-720-2945 입니다.
 동서울대 뷰티코디네이션과 팩스번호?,뷰티코디네이션과 팩스번호는 031-720-2915 입니다.
 동서울대 연기예술학과 팩스번호?,연기예술학과 팩스번호는 031-720-2918 입니다.
 동서울대 실용음악과 팩스번호?,실용음악과 팩스번호는 031-724-2345 입니다.
 동서울대 콘텐츠크리에이터과 팩스번호?,콘텐츠크리에이터과 팩스번호는 031-724-2099 입니다.
 동서울대 엔터테이먼트경영과 팩스번호?,엔터테이먼트경영과 팩스번호는 031-720-2918 입니다.
 동서울대 K-POP과 팩스번호?,K-POP과 팩스번호는 031-724-2347 입니다.
 동서울대 메타버스게임애니메이션과 팩스번호?,메타버스게임애니메이션과 팩스번호는 031-720-2961 입니다.
 동서울대 무대미술과 팩스번호?,무대미술과 팩스번호는 031-724-2337 입니다.
 동서울대 웹툰과 팩스번호?,웹툰과 팩스번호는 031-720-2289 입니다.
 동서울대 AI응용소프트웨어과(P-TECH) 팩스번호?,AI응용소프트웨어과(P-TECH) 팩스번호는 031-724-2393 입니다.
 동서울대 AI응용소프트웨어학과(경력개발고도화) 팩스번호?,AI응용소프트웨어학과(경력개발고도화) 팩스번호는 031-720-2919 입니다.
 동서울대 인공지능컴퓨팅과(P-TECH) 팩스번호?,인공지능컴퓨팅과(P-TECH) 팩스번호는 031-724-2390 입니다.
 동서울대 제과산업특화과(재직자학위연계형) 팩스번호?,제과산업특화과(재직자학위연계형) 팩스번호는 031-724-2390 입니다.
 동서울대 헤어디자인과(재직자학위연계형) 팩스번호?,헤어디자인과(재직자학위연계형) 팩스번호는 031-724-2390 입니다.
 동서울대 [재학생]미래자동차학과(첨단산업아카데미) 팩스번호?,[재학생]미래자동차학과(첨단산업아카데미) 팩스번호는 031-724-2390 입니다.
 동서울대 컴퓨터정보과 위치는?,컴퓨터정보과는 13호관(국제교류센터) 5층에 위치 하고 있습니다.
 동서울대 컴퓨터소프트웨어과 위치는?,컴퓨터소프트웨어과는 1호관 2층에 위치 하고 있습니다.
 동서울대 컴퓨터전자과 위치는?,컴퓨터전자과는 8호관 4층에 위치 하고 있습니다.
 동서울대 항공기계과 위치는?,항공기계과는 9호관 1층에 위치 하고 있습니다.
 동서울대 미래자동차과 위치는?,미래자동차과는 9호관 2층에 위치 하고 있습니다.
 동서울대 전기공학과 위치는?,전기공학과는 8호관 2층에 위치 하고 있습니다.
 동서울대 IT융합학과 위치는?,IT융합학과는 8호관 3층에 위치 하고 있습니다.
 동서울대 건축학과 위치는?,건축학과는 3호관 4층에 위치 하고 있습니다.
 동서울대 디지털방송콘텐츠학과 위치는?,디지털방송콘텐츠학과는 8호관 5층에 위치 하고 있습니다.
 동서울대 실내디자인학과 위치는?,실내디자인학과는 3호관 3층에 위치 하고 있습니다.
 동서울대 게임콘텐츠학과 위치는?,게임콘텐츠학과는 1호관 1층에 위치 하고 있습니다.
 동서울대 자유전공학과 위치는?,자유전공학과는 10호관 2층에 위치 하고 있습니다.
 동서울대 스마트드론과 위치는?,스마트드론과는 9호관 1층에 위치 하고 있습니다.
 동서울대 디지털헬스케어과 위치는?,디지털헬스케어과는 8호관 2층에 위치 하고 있습니다.
 동서울대 호텔외식조리과 위치는?,호텔외식조리과는 1호관 3층에 위치 하고 있습니다.
 동서울대 카페베이커리학과 위치는?,카페베이커리학과는 1호관 3층에 위치 하고 있습니다.
 동서울대 보건의료행정과 위치는?,보건의료행정과는 13호관(국제교류센터) 6층에 위치 하고 있습니다.
 동서울대 세무회계과 위치는?,세무회계과는 9호돤 5층에 위치 하고 있습니다.
 동서울대 마케팅과 위치는?,마케팅과는 9호관 5층에 위치 하고 있습니다.
 동서울대 도시계획부동산과 위치는?,도시계획부동산과는 9호관 5층에 위치 하고 있습니다.
 동서울대 호텔관광경영과 위치는?,호텔관광경영과는 1호관 3층에 위치 하고 있습니다.
 동서울대 아동보육과 위치는?,아동보육과는 13호관(국제교류센터) 4층에 위치 하고 있습니다.
 동서울대 사회복지학과 위치는?,사회복지학과는 9호관 4층 위치 하고 있습니다.
 동서울대 항공서비스학과 위치는?,항공서비스학과는 10호관 1층에 위치 하고 있습니다.
 동서울대 글로벌중국비즈니스과 위치는?,글로벌중국비즈니스과는 1호관 2층에 위치 하고 있습니다.
 동서울대 사회복지상담과 위치는?,사회복지상담과는 9호관 4층에 위치 하고 있습니다.
 동서울대 레저스포츠학과 위치는?,레저스포츠학과는 5호관 1층에 위치 하고 있습니다.
 동서울대 경호스포츠학과 위치는?,경호스포츠학과는 5호관 1층에 위치 하고 있습니다.
 동서울대 산업디자인학과 위치는?,산업디자인학과는 3호관 1층에 위치 하고 있습니다.
 동서울대 시각디자인학과 위치는?,시각디자인학과는 3호관 2층에 위치 하고 있습니다.
 동서울대 패션디자인과 위치는?,패션디자인과는 2호관 4층에 위치 하고 있습니다.
 동서울대 주얼리디자인과 위치는?,주얼리디자인과는 9호관 3층에 위치 하고 있습니다.
 동서울대 뷰티코디네이션과 위치는?,뷰티코디네이션과는 6호관 3층에 위치 하고 있습니다.
 동서울대 연기예술학과 위치는?,연기예술학과는 8호관 1층에 위치 하고 있습니다.
 동서울대 실용음악과 위치는?,실용음악과는 2호관 3층에 위치 하고 있습니다.
 동서울대 콘텐츠크리에이터과 위치는?,콘텐츠크리에이터과는 13호관(국제교류센터) 6층에 위치 하고 있습니다.
 동서울대 엔터테이먼트경영과 위치는?,엔터테이먼트경영과는 2호관 2층에 위치 하고 있습니다.
 동서울대 K-POP과 위치는?,K-POP과는 2호관 3층에 위치 하고 있습니다.
 동서울대 메타버스게임애니메이션과 위치는?,메타버스게임애니메이션과는 5호관 2층에 위치 하고 있습니다.
 동서울대 무대미술과 위치는?,무대미술과는 2호관 2층에 위치 하고 있습니다.
 동서울대 웹툰과 위치는?,웹툰과는 3호관 1층에 위치 하고 있습니다.
 동서울대 AI응용소프트웨어과(P-TECH) 위치는?,AI응용소프트웨어과(P-TECH)는 3호관 1층에 위치 하고 있습니다.
 동서울대 AI응용소프트웨어학과(경력개발고도화) 위치는?,AI응용소프트웨어학과(경력개발고도화)는 6호관 2층에 위치 하고 있습니다.
 동서울대 인공지능컴퓨팅과(P-TECH) 위치는?,인공지능컴퓨팅과(P-TECH)는 일학습병행훈련센터에 위치 하고 있습니다.
 동서울대 제과산업특화과(재직자학위연계형) 위치는?, 제과산업특화과(재직자학위연계형)는 일학습병행훈련센터에 위치 하고 있습니다.
 동서울대 헤어디자인과(재직자학위연계형) 위치는?,헤어디자인과(재직자학위연계형)는 일학습병행훈련센터에 위치 하고 있습니다.
 동서울대 [재학생]미래자동차학과(첨단산업아카데미) 위치는?,[재학생]미래자동차학과(첨단산업아카데미)는 일학습병행훈련센터에 위치 하고 있습니다.
 동서울대학교의 교육이념은 무엇인가요?,동서울대학교의 교육이념은 “인격과 기술이 겸비된 전인교육”입니다.
 동서울대학교의 교훈은 무엇인가요?,"동서울대학교의 교훈은 진실, 창의, 봉사입니다."
 동서울대학교의 사명은 어떤 것인가요?,동서울대학교의 사명은 참된 가치관 위에 지식과 기술을 창의적으로 활용하며 이웃을 위한 봉사의 자세를 갖춘 미래 필요 인재를 양성하는 것입니다.
 동서울대학교의 비전은 무엇인가요?,동서울대학교의 비전은 인성에 기술을 채워 공존의 가치를 실천하는 실용교육 선도대학입니다.
 동서울대학교 구성원이 교육자로서 지켜야 할 윤리적 원칙은 무엇인가요?,"교육자로서 동서울대학교 구성원은 학생의 인격을 존중하고 그들의 다양성을 인정하며, 사회가 요구하는 역량을 갖춘 전문직업인으로 성장할 수 있도록 해야 합니다."
 동서울대학교 연구자들이 준수해야 할 윤리적 기준은 무엇인가요?,"연구자들은 연구윤리를 준수하고 창의적이고 실무적인 연구 활동에 매진하며, 동료 교수의 교육과 연구 활동을 존중하여 교육 발전을 도모해야 합니다."
 동서울대학교 학생들이 지켜야 할 윤리적 원칙은 무엇인가요?,"학생들은 진취적인 자세로 전문지식을 쌓고 역량 강화와 자기 개발을 위해 노력하며, 국가 발전에 기여할 목표를 가지고 학업에 정진해야 합니다."
 동서울대학교 학생들이 타인과의 관계에서 지켜야 할 윤리적 태도는 무엇인가요?,학생들은 타인의 인격과 권리를 존중하고 다양한 사고와 문화를 인정하며 협력하고 소통해야 합니다.
 동서울대학교 학생들이 학내외 행동에서 지켜야 할 기준은 무엇인가요?,"학생들은 교직원의 인격과 가치를 존중하며 대학의 제·규정을 준수하고, 학내·외의 제반 행위가 법률과 도덕적 계율에서 벗어나지 않도록 항상 자율적 자기 통제에 최선을 다해야 합니다."
 동서울대학교가 2024년 6월 25일에 달성한 성과는 무엇인가요?,"2024년 6월 25일, 동서울대학교는 한국대학교육협의회 부설 한국교양기초교육원에서 2024년 전문대학 기초교양교육 우수개선대학으로 선정되었습니다."
 2024년 6월 11일 동서울대학교에서 어떤 시설이 준공되었나요?,"2024년 6월 11일, 동서울대학교에서 무대제작소(연면적: 378.22㎡)가 준공되었습니다."
 2024년 6월 10일 동서울대학교의 어떤 성과가 있었나요?,"2024년 6월 10일, 동서울대학교는 2023년 통합·재직자 일학습병행 공동훈련센터 성과평가에서 최우수(S등급)를 달성했습니다."
 동서울대학교가 2024년 5월 16일에 체결한 MOU는 어떤 기관과의 협약인가요?,"2024년 5월 16일, 동서울대학교는 한국항공대학교와 MOU를 체결했습니다."
 2024년 4월 24일 동서울대학교가 체결한 MOU는 어떤 외국 대학과의 협약인가요?,"2024년 4월 24일, 동서울대학교는 중국 남경임업대학과 MOU를 체결했습니다."
 동서울대학교가 2024년 4월 23일에 수상한 상은 무엇인가요?,"2024년 4월 23일, 동서울대학교는 2024 국가산업대상에서 산업경쟁력(인재육성) 부문 대상을 수상했습니다."
 2024년 4월 4일 동서울대학교가 체결한 MOU는 어떤 대학과의 협약인가요?,"2024년 4월 4일, 동서울대학교는 한국 폴리텍대학(성남 캠퍼스)과 MOU를 체결했습니다."
 2024년 3월 21일 동서울대학교가 체결한 MOU는 어떤 외국 대학과의 협약인가요?,"2024년 3월 21일, 동서울대학교는 싱가폴 DIMENSION 대학과 MOU를 체결했습니다."
 2024년 3월 1일 동서울대학교가 선정된 글로벌현장학습 사업의 세부 사항은 무엇인가요?,"2024년 3월 1일, 동서울대학교는 2024년 전문대학 글로벌현장학습 사업에 선정되었으며, 총 8명(호주 시드니 4명 + 중국 상하이 4명)이 참여합니다. 또한, 2024년 전문대학 글로벌현장학습 창업트랙 우수대학으로 선정되었습니다."
 동서울대학교가 2024년 3월 1일에 선정된 사업은 무엇인가요?,"2024년 3월 1일, 동서울대학교는 대학일자리플러스센터 사업, 재학생 맞춤형 고용서비스 사업, 고교생 맞춤형 고용서비스 사업에 선정되었습니다."
 2024년 3월 1일 동서울대학교의 제14대 총장은 누구인가요?,2024년 3월 1일 제14대 총장으로 유광섭 총장이 취임했습니다.
 2024년 2월 22일 동서울대학교에서 어떤 행사였나요?,"2024년 2월 22일, 동서울대학교는 제47회 입학식을 거행했습니다."
 2024년 2월 16일 동서울대학교에서 수여한 학위의 총 수는 얼마인가요?,"2024년 2월 16일, 동서울대학교는 제45회 전문학사 및 학사학위 수여식에서 총 2,052명(전문학사 1,716명, 학사 336명)에게 학위를 수여했습니다. 전체적으로 총 86,144명(전문학사 84,237명, 학사 1,907명)에게 학위를 수여했습니다."
 2024년 2월 5일 동서울대학교에서 어떤 조직 개편이 있었나요?,"2024년 2월 5일, 동서울대학교는 일학습병행공동훈련센터를 산학협력단 하부조직에서 총장 직속기구로 이동하는 조직 개편을 진행했습니다."
 2023년 11월 13일에 체결된 MOU는 어떤 기관과 관련이 있습니까?,"2023년 11월 13일에는 두 가지 MOU가 체결되었습니다. 하나는 호주 AIO Real Estate와 학생 취업을 위한 MOU이고, 다른 하나는 호주 MIT Institute와 학생 교류를 위한 MOU입니다."
 2023년 10월 30일에 체결된 협정은 무엇을 포함하고 있습니까?,2023년 10월 30일에는 중국 천진외국어대학교와 MOU 및 2+2 협정이 체결되었습니다.
 2023년 K-MOVE스쿨 사업 선정에 대한 정보는 무엇인가요?,"2023년 K-MOVE스쿨 사업으로는 싱가포르 식음료조리분야 정규취업 연수과정 8기가 선정되었습니다. 이 과정에는 총 10명이 참가하며, 호텔외식조리과 2명과 호텔관광경영학과 8명이 포함됩니다."
" 제44회 후기 전문학사 및 학사학위 수여는 언제 이루어졌고, 총 인원은 몇 명이었나요?","제44회 후기 전문학사 및 학사학위 수여는 2023년 8월 11일에 이루어졌으며, 전문학사 64명과 학사 1명이 수여되었습니다. 총 전문학사 82,521명, 학사학위 1,571명이 누적되었습니다."
 2023년 매치업사업 드론전문가 심화과정 선정 날짜는 언제인가요?,2023년 매치업사업 드론전문가 심화과정 선정은 2023년 5월 26일에 이루어졌습니다.
 2023년 전문대학 글로벌현장학습 사업은 어떤 내용을 포함하고 있나요?,"2023년 전문대학 글로벌현장학습 사업으로는 총 7명이 선정되었으며, 호주 시드니 5명과 중국 상하이 2명이 포함됩니다."
 2023년 재학생 맞춤형 고용서비스 사업 선정일자는 언제인가요?,2023년 재학생 맞춤형 고용서비스 사업은 2023년 3월 1일에 선정되었습니다.
 2023년 대학일자리플러스센터 사업 선정일자는 언제인가요?,2023년 대학일자리플러스센터 사업은 2023년 3월 1일에 선정되었습니다.
 제46회 입학식은 언제 거행되었나요?,제46회 입학식은 2023년 2월 23일에 거행되었습니다.
 제44회 전문학사 및 학사학위 수여의 날짜와 인원수는 얼마였나요?,"제44회 전문학사 및 학사학위 수여는 2023년 2월 17일에 이루어졌으며, 전문학사 1,838명과 학사 325명이 수여되었습니다. 총 전문학사 82,457명, 학사학위 1,570명이 누적되었습니다."
 2022년 12월 2일에 어떤 사업이 운영기관으로 선정되었나요?,"2022년 12월 2일, 일학습병행 첨단산업아카데미 시범사업의 운영기관으로 선정되었습니다. 해당 학과는 미래자동차과(자율주행 소프트웨어개발_L5)이며, 훈련인원은 20명 승인되었습니다. 운영형태는 일학습병행 전문대 재학생단계(공업전문학사)입니다."
 2022년 12월 1일의 조직개편에 대한 정보는 무엇인가요?,"2022년 12월 1일, 산학협력단 하부조직의 명칭이 변경되었습니다. P-TECH공동훈련센터가 일학습병행공동훈련센터로 변경되었습니다."
 2022년 10월 1일에 어떤 조직개편이 있었나요?,"2022년 10월 1일, 학생처 하부조직에 인권센터가 신설되었습니다."
 2022년 9월 15일에 선정된 K-MOVE스쿨 사업에 대한 정보는 무엇인가요?,"2022년 9월 15일, 싱가포르 식음료조리분야 정규취업 연수과정 7기가 선정되었습니다. 총 10명이 참가하며, 항공서비스학과 2명과 호텔관광경영학과 8명이 포함됩니다."
 2022년 8월 12일 제43회 후기 전문학사 및 학사학위 수여의 인원수는 얼마였나요?,"제43회 후기 전문학사 및 학사학위 수여는 2022년 8월 12일에 이루어졌으며, 전문학사 55명과 학사 12명이 수여되었습니다. 총 전문학사 80,619명, 학사학위 1,245명이 누적되었습니다."
 2022년 7월 22일에 어떤 국제 협정이 있었나요?,"2022년 7월 22일, Mongolia International University와 자매결연을 체결하였습니다."
 2022년 7월 1일에 조직개편된 내용은 무엇인가요?,"2022년 7월 1일, 혁신지원단 하부조직으로 메타버스교육센터가 신설되었으며, 총장직속으로 SDS HiVE센터가 신설되었습니다."
 2022년 6월 24일에 선정된 경력개발고도화 시범사업의 내용은 무엇인가요?,"2022년 6월 24일, 경력개발고도화 시범사업 운영 공동훈련센터로 AI융합소프트웨어학과(인공지능개발_L5)가 선정되었습니다. 모집정원은 20명이며, 운영형태는 정원외 계약학과 전공심화과정(공학사)입니다."
 2022년 6월 2일에 어떤 고등직업교육거점지구 사업이 선정되었나요?,"2022년 6월 2일, 동서울대학교-신구대학교-성남시 컨소시엄의 고등직업교육거점지구 사업(HiVE)이 선정되었습니다. 사업 기간은 2022년부터 2024년까지입니다."
 2022년 5월 20일에 선정된 전문대학 글로벌현장학습 사업의 내용은 무엇인가요?,"2022년 5월 20일, 전문대학 글로벌현장학습 사업으로 총 10명이 선정되었습니다. 이들은 호주 시드니 4명과 중국 상하이 6명으로 구성됩니다."
 2022년 5월 4일에 선정된 산학연협력 선도전문대학 육성사업에 대한 정보는 무엇인가요?,"2022년 5월 4일, 3단계 산학연협력 선도전문대학 육성사업(LINC 3.0)이 선정되었습니다. 이 사업은 2022년부터 2024년까지 진행됩니다."
 2022년 5월 1일의 조직개편 내용은 무엇인가요?,"2022년 5월 1일, 학생처 하부조직으로 학산관이 신설되었으며, 총장직속으로 시설사업단이 신설되었습니다."
 2022년 3월 1일에 있었던 조직개편에 대한 정보는 무엇인가요?,"2022년 3월 1일, 산학협력단 하부조직으로 특화산업지원센터, 공유협업지원센터, 공동장비운영센터, 산학공동기술개발센터가 신설되었으며, 중소기업산학혁신센터는 폐지되고 연구지원센터는 부속기관으로 이동했습니다. 또한 P-TECH공동훈련센터는 산학취업처에서 이동되었고, 사회맞춤형교육사업단은 LINC3.0사업단으로 변경되었습니다."
 2022년 3월 1일에 선정된 대학일자리플러스센터 사업의 정보는 무엇인가요?,"2022년 3월 1일, 대학일자리플러스센터 사업이 선정되었습니다."
 2022년 2월 24일에 개최된 행사에 대한 정보는 무엇인가요?,2022년 2월 24일에 제45회 입학식이 거행되었습니다.
 2022년 2월 11일에 제43회 전문학사 및 학사학위 수여의 인원수는 얼마였나요?,"제43회 전문학사 및 학사학위 수여는 2022년 2월 11일에 이루어졌으며, 전문학사 1,856명과 학사 292명이 수여되었습니다. 총 전문학사 80,564명, 학사학위 1,233명이 누적되었습니다."
" 동서울대학교가 2021년 어떤 평가에서 ""일반재정 지원 대학""으로 선정되었나요?","2021년 대학 기본역량 진단 최종결과에서 ""일반재정 지원 대학""으로 선정되었습니다."
 동서울대학교가 2021년 제42회 후기 전문학사 및 학사학위 수여식에서 수여한 학위의 총 수는 얼마인가요?,"2021년 제42회 후기 전문학사 및 학사학위 수여식에서 전문학사 53명, 학사 4명이 수여되었습니다. 누적 전문학사 78,708명, 학사 941명입니다."
 동서울대학교가 2021년 7월 1일에 어떤 조직개편을 단행했나요?,2021년 7월 1일에 신산업특화사업단이 신설되었습니다. 이 조직은 직속기구로 설정되었습니다.
 동서울대학교가 2021년 6월 1일에 무엇을 발표했나요?,"2021년 6월 1일, 동서울대학교는 교육부 주관 ""신산업분야 특화 선도전문대학 지원사업""에 선정되었으며, 한국연구재단과 사업 협약을 체결했습니다."
 동서울대학교의 신산업분야 특화 선도전문대학 지원사업의 총 사업기간은 언제부터 언제까지인가요?,총 사업기간은 2021년 6월 1일부터 2024년 2월 29일까지입니다.
 동서울대학교가 2021년에 매치업 사업 운영기관으로 선정된 날짜는 언제인가요?,2021년 4월 28일에 매치업 사업 운영기관으로 선정되었습니다.
 동서울대학교의 조직개편에서 2021년 4월 15일에 신설된 부서와 변경된 부서는 무엇인가요?,"2021년 4월 15일에 입학홍보처가 신설되었고, 학사지원처는 교무처로 명칭이 변경되었습니다. 교무처의 하부조직으로 원격교육지원센터가 신설되었습니다."
 2021년 동서울대학교가 K-Move스쿨 운영기관으로 선정된 날짜는 언제인가요?,2021년 3월 3일에 K-Move스쿨 운영기관으로 선정되었습니다.
 동서울대학교가 2021년에 고용노동부 대학일자리센터 사업에 선정된 횟수는 몇 회인가요?,2021년에 고용노동부 대학일자리센터 사업에 4년 연속으로 선정되었습니다.
 2021년 2월 19일에 동서울대학교가 거행한 제42회 전문학사 및 학사학위 수여식에서 수여한 학위의 총 수는 얼마인가요?,"제42회 전문학사 및 학사학위 수여식에서 전문학사 2,169명, 학사 285명이 수여되었습니다. 총 전문학사 78,655명, 학사 937명입니다."
 동서울대학교의 2019년 정규 인증심사 결과와 2020년 정규 전문대학 기관평가인증 보완심사 결과는 무엇인가요?,"2019년 정규 인증심사 결과와 2020년 정규 전문대학 기관평가인증 보완심사 결과 모두 ""인증"" 판정을 받았으며, 인증유효기간은 2021년 1월 1일부터 2024년 12월 31일까지입니다."
 2020년 1월 1일 동서울대학교에서 어떤 조직개편이 있었나요?,"2020년 1월 1일에 부속기관 정보지원센터가 신설되었으며, 하부조직으로 학술정보과와 전산정보과가 신설되었습니다. 도서관과 전산정보센터는 직제가 폐지되었습니다."
 동서울대학교가 2020년 11월 1일에 단행한 조직개편의 주요 내용은 무엇인가요?,2020년 11월 1일에 산학취업처의 하부조직으로 산학협력과와 P-TECH 공동훈련센터가 신설되었습니다.
 동서울대학교가 2020년 10월 29일에 고용노동부로부터 어떤 지정을 받았나요?,"2020년 10월 29일에 고용노동부로부터 2021년도 고숙련일학습병행(P-TECH) 공동훈련센터로 지정되었습니다. 학과명은 AI응용소프트웨어과(SW개발_L5)이며, 모집정원은 42명으로 승인되었습니다. 운영형태는 정원외 계약학과입니다."
 동서울대학교가 2020년 10월 8일에 신규 인가된 학사학위 전공심화과정은 무엇인가요?,2020년 10월 8일에 2021학년도 학사학위 전공심화과정으로 1개 학과가 신규 인가되었습니다. 총 20개 학과가 운영됩니다.
 2020년 8월 21일에 동서울대학교에서 수여된 전문학사와 학사학위의 총 수는 얼마인가요?,"2020년 8월 21일 제41회 후기 전문학사 및 학사학위 수여식에서 전문학사 54명, 학사 0명이 수여되었습니다. 누적 전문학사 76,486명, 학사 652명입니다."
 동서울대학교가 2020년 6월 3일에 받은 교육부의 평가는 어떤 등급인가요?,2020년 6월 3일에 동서울대학교는 교육부 전문대학 후진학 선도형 사업(혁신지원사업 Ⅲ유형) 1차년도 평가에서 A등급을 받았습니다.
 2020년 5월 1일에 동서울대학교에서 단행된 조직개편의 내용은 무엇인가요?,"2020년 5월 1일에 혁신지원단 하부조직으로 창의융합교육지원센터가 신설되었고, 산학취업처 하부조직으로 VR교육센터가 폐지되었습니다. 또한, 부설기관인 학교기업 시예가 폐지되었습니다."
 동서울대학교가 2020년에 선정된 대학연계 중소기업 인력양성사업의 연속 선정 횟수는 몇 회인가요?,2020년에는 7년 연속으로 대학연계 중소기업 인력양성사업에 선정되었습니다.
 2020년 3월 11일에 동서울대학교가 선정된 운영기관은 무엇인가요?,2020년 3월 11일에 동서울대학교는 K-Move스쿨 운영기관으로 선정되었습니다.
" 동서울대학교의 제13대 총장은 누구이며, 어떤 날짜에 연임되었나요?","제13대 총장은 유광섭이며, 2020년 3월 1일에 연임되었습니다."
 2020년 동서울대학교가 고용노동부 대학일자리센터 사업에 선정된 연속 횟수는 몇 회인가요?,2020년에는 고용노동부 대학일자리센터 사업에 3년 연속으로 선정되었습니다.
 동서울대학교와 미국 하와이 THE UNIVERSITY OF HAWAI‘I–WEST O‘AHU의 자매결연이 체결된 날짜는 언제인가요?,2020년 1월 8일에 동서울대학교와 미국 하와이 THE UNIVERSITY OF HAWAI‘I–WEST O‘AHU가 자매결연을 체결했습니다.
 2019년 2주기 전문대학 기관평가인증 심사 결과는 무엇인가요?,"2019년 2주기 전문대학 기관평가인증 심사 결과는 조건부 인증이며, 인증 유효기간은 2020년 1월 1일부터 2020년 12월 31일까지입니다."
 2020년 1월 1일의 조직개편에서 기획처와 창업지원단의 하부조직은 어떻게 되었나요?,"2020년 1월 1일에 기획처 하부조직으로 교육생산성센터가 폐지되었고, 창업지원단 하부조직으로 창업지원센터가 폐지되었습니다."
 동서울대학교의 주소는 무엇인가요?,동서울대학교의 주소는 경기도 성남시 수정구 복정로 76입니다.
 동서울대학교의 입학상담실 연락처는 어떻게 되나요?,"입학상담실의 연락처는 031-720-2900~2이며, FAX는 031-720-2903입니다."
 동서울대학교의 취업상담실 연락처는 무엇인가요?,"취업상담실의 연락처는 031-720-2017이며, FAX는 031-721-1999입니다."
 지하철을 이용해 동서울대학교에 가려면 어떤 노선을 타야 하나요?,지하철 분당선 또는 8호선을 이용해 복정(동서울대학교)역에서 하차해야 합니다.
 복정(동서울대학교)역에서 동서울대학교까지의 거리는 얼마나 되나요?,복정(동서울대학교)역에서 동서울대학교까지는 성남분당 방향으로 900m 거리입니다 (버스 2정거장).
 동서울대학교에 가는 버스의 일반 노선 번호를 알려주세요.,"동서울대학교로 가는 일반 버스 노선 번호는 100, 70, 30, 32, 119, 357입니다."
 동서울대학교로 가는 지선 버스 노선 번호는 무엇인가요?,동서울대학교로 가는 지선 버스 노선 번호는 4419입니다.
 동서울대학교로 가는 간선 버스 노선 번호는 어떤 것이 있나요?,"동서울대학교로 가는 간선 버스 노선 번호는 302, 303, 452입니다."
 동서울대학교로 가는 광역 버스 노선 번호는 무엇인가요?,동서울대학교로 가는 광역 버스 노선 번호는 9403입니다.
 동서울대학교에서 주차장 이용 시 어떤 시스템이 도입되었나요?,2019년 9월부터 무인정산시스템이 도입되었습니다.
 지상주차장은 누구에게 이용이 허용되나요?,"지상주차장은 대학업무용, 관공서, 공사 및 납품차량 등 대학에서 승인한 차량만 이용할 수 있으며, 택시 진입은 금지되어 있습니다."
 지하주차장은 누구에게 이용이 허용되나요?,"지하주차장은 전 교직원 및 대학 방문차량(재학생 및 시간강사, 입주업체 포함)에게 이용이 허용됩니다."
 정기주차권의 1개월 및 6개월 이용금액은 얼마인가요?,"교직원 및 재학생의 정기주차권은 1개월 15,000원, 6개월 60,000원입니다. 입주업체는 1개월 15,000원이며, 6개월 정기권은 제공되지 않습니다. 복정동 주민의 경우 6개월 정기권만 이용 가능하며, 금액은 60,000원입니다."
 수시차량의 주차 요금은 어떻게 되나요?,"수시차량의 경우 최초 30분은 무료이며, 이후 최초 30분은 1,500원, 초과 10분당 500원의 요금이 부과됩니다."
 교직원 정기주차권 신청 기간은 언제인가요?,교직원 정기주차권 신청 기간은 2020년 2월 24일(월)부터 3월 6일(금)까지입니다.
 정기주차권을 1개월 단위로 신청하려면 어떻게 해야 하나요?,1개월 단위의 정기주차권 신청은 주차장 관리사무소에서 직접 신청해야 합니다.
 장애인 및 국가유공자는 정기주차권 요금에서 어떤 혜택이 있나요?,장애인 및 국가유공자는 정기주차권 요금이 무료입니다.
 경차는 정기주차권 요금에서 어떤 할인 혜택이 있나요?,경차는 정기주차권 요금에서 50% 할인 혜택이 제공됩니다.
 재학생의 정기주차권 신청 기간과 방법은 무엇인가요?,"재학생의 정기주차권 신청 기간은 학기 중이며, 신청 방법은 학생증(재학증명서 가능), 면허증, 차량등록증, 보험증을 제시하고 주차장 근무 시간인 09:00 ~ 18:00 사이에 신청 가능합니다."
 정기주차권 신청 시 확인해야 할 서류는 무엇인가요?,"정기주차권 신청 시 차량등록증, 면허증, 주민등록등본, 재직증명서가 필요하며, 모든 서류는 현장에서 확인만 이루어집니다."
 정기주차권 사용 중 차량 번호가 변경되면 어떻게 해야 하나요?,"차량 번호가 변경된 경우, 차량등록증을 지참하고 주차관리실에 변경 신청을 해야 합니다."
 6개월 정기주차권을 이용 중 환불을 요청하면 어떻게 처리되나요?,"6개월 정기주차권 환불 요청 시 사용월별 15,000원씩 차감되며, 월말 기준으로 적용됩니다. 예를 들어, 2020년 5월 10일 환불 요청 시 3월, 4월, 5월 기준으로 45,000원이 차감되어 15,000원이 환불됩니다."
 이륜자동차(오토바이)는 동서울대학교 주차장에서 어떻게 처리되나요?,"이륜자동차(오토바이)는 주차신청 및 교내 진입, 지하주차장 이용이 불가하며, 정문 학산탑 옆 이륜차 전용 주차장을 이용해야 합니다."
 주차장 관련 기타 문의는 어디로 해야 하나요?,주차장 관련 기타 자세한 사항은 관리과(☏ 031-720-2938)로 문의하면 됩니다.
 동서울대학교의 전동킥보드 대학패스는 무엇인가요?,"동서울대학교의 전동킥보드 대학패스는 월 9,900원으로 100분간 전동킥보드를 이용할 수 있는 패스입니다. 제공 시간 소진 후에도 잠금해제 비용은 무제한 무료입니다."
 대학패스의 제공 시간은 어떻게 되나요?,"대학패스는 매월 100분을 제공하며, 제공 시간이 소진된 후에는 잠금해제 비용이 무제한 무료로 제공됩니다."
 동서울대학교 대학패스를 구매할 수 있는 대상은 누구인가요?,동서울대학교에 재학 중인 학생과 교직원 모두가 대학패스를 구매할 수 있습니다.
 대학패스 신청 방법은 무엇인가요?,"하단의 버튼을 클릭하여 설문지를 작성하면, 패스 구매 전용 페이지로 접속할 수 있는 쿠폰코드와 사용 방법을 문자로 받아볼 수 있습니다."
 패스의 이용 일자는 어떻게 되나요?,"구독형 패스의 이용 일자는 구독한 날로부터 30일이며, 다음 결제 예정일에 결제가 성공하면 자동으로 구독이 갱신됩니다."
 패스 이용 중 100분을 초과하면 어떻게 되나요?,"패스에서 제공하는 100분을 초과할 경우, 초과 시간에 대해서는 일반 요금제가 적용됩니다."
 패스의 대여는 최대 몇 분까지 적용되나요?,"킥보드는 대여 1회당 최대 30분까지 패스가 적용됩니다. 30분을 초과할 경우, 초과 시간에 대해서는 일반 요금제가 적용됩니다."
 패스는 어떤 경우에 중복 구매가 불가능한가요?,"패스 상품은 중복 구매가 불가능하며, 사용 중인 패스 상품의 사용 기간이 만료되거나 환불되어야 다시 구매할 수 있습니다."
 반납 추가 지역에 반납할 경우 추가 요금은 어떻게 되나요?,"반납 추가 지역에 반납할 경우, 반납 추가 요금이 별도로 부과됩니다."
 패스는 전기자전거에도 적용되나요?,패스는 전기자전거 이용 시에는 적용되지 않습니다.
 패스 이용 시 쿠폰 및 제휴 할인은 어떻게 적용되나요?,"패스 이용 중 쿠폰 및 제휴 할인은 추가 결제 금액에 한하여 적용되며, 쿠폰 상세 정보 및 제휴 조건에 따라 적용되지 않을 수 있습니다."
 패스 구매 시 어떤 지역에서 킥보드를 이용할 수 있나요?,패스 구매 시 전국 씽씽 서비스 지역에서 킥보드를 이용할 수 있습니다.
 패스는 언제든지 사용 가능한가요?,"패스는 평일, 주말, 심야 시간대 관계없이 언제든지 사용 가능합니다."
 산하협력단 산하의 센터들은 어떤 것들이 있나요?,"특화사업지원센터, 공유협업지원센터, 공동장비운영센터, 산학공동기술개발센터가 있습니다."
 혁신지원단 산하의 센터들은 어떤 것들이 있나요?,"창의융합교육지원센터, 메타버스교육센터가 있습니다."
 창업지원단 산하의 센터들은 어떤 것들이 있나요?,"창업보육센터, 창업교육센터가 있습니다."
 산학취업처에 소속되어 있는 부서는 무엇인가요?,"산학협력과, DU일자리센터, 현장실습지원센터가 있습니다."
 교무처에 소속되어 있는 부서는 무엇인가요?,"학사운영과, 교육혁신지원센터, 교양교육센터, 학사학위지원센터, 교수학습지원센터, 원격교육지원센터가 있습니다."
 입학홍보처에 소속되어 있는 부서는 무엇인가요?,"입학홍보과, 미디어센터가 있습니다."
 학생처에 소속되어 있는 부서는 무엇인가요?,"학생서비스과, 학생생활상담센터, 장애학생지원센터, 학산관, 인권센터가 있습니다."
 기획처에 소속되어 있는 부서는 무엇인가요?,"기획예산과, 국제협력센터가 있습니다."
 사무국에 소속되어 있는 부서는 무엇인가요?,"행정지원과, 경리과, 관리과가 있습니다."
 부속기관에 소속되어 있는 부서는 무엇인가요?,"정보지원센터, 예비군대대, 연구지원센터가 있습니다."
 부설기관에 소속되어 있는 부서는 무엇인가요?,"평생교육원, 어학교육원이 있습니다."
 혁신지원단의 위치와 연락처는 무엇인가요?,"혁신지원단은 6호관 1층에 위치하며, 전화는 031-720-2933입니다."
 혁신지원단의 운영 목표는 무엇인가요?,혁신지원단의 운영 목표는 대학의 중장기 발전계획에 따른 혁신지원사업의 성공과 효율적인 업무 추진입니다.
 혁신지원단의 주요 업무는 무엇인가요?,"주요 업무는 혁신지원사업 운영계획 수립, 사업 총괄, 효율적 추진 지원 및 조정, 실적 및 성과지표 관리 감독, 예산배분 및 집행관리, 기타 관련 업무입니다."
 창의융합교육지원센터의 위치와 연락처는 무엇인가요?,"창의융합교육지원센터는 1호관 1층에 위치하며, 전화는 031-720-2914입니다."
 창의융합교육지원센터의 주요 업무는 무엇인가요?,"주요 업무는 융복합 분야 교육 지원 계획 수립, 창의메이커스페이스 운영, 융복합 트랙 및 학과 교육 지원, 4차 산업혁명기술 기반 융복합 비교과 개발 및 운영, 콘텐츠 연구 및 교육 지원, 교육 공간 활용 및 산업체 대상 교육 지원, 기타 관련 업무입니다."
 메타버스교육센터의 위치와 연락처는 무엇인가요?,"메타버스교육센터는 도서관 2층에 위치하며, 전화는 031-720-2984입니다."
 메타버스교육센터의 주요 업무는 무엇인가요?,"주요 업무는 메타버스 XR 기반 교육 콘텐츠 개발 및 지원, 관련 기술 연구 및 연구회 운영, 협의체 구축 및 콘텐츠 공동개발, 콘텐츠 제작 관련 재정지원사업 운영, 기타 관련 업무입니다."
 LINC3.0사업단의 위치와 연락처는 무엇인가요?,LINC3.0사업단은 본관 1층에 위치하고 있습니다. (연락처는 제공되지 않았습니다.)
 LINC3.0사업단의 운영 목표는 무엇인가요?,"LINC3.0사업단의 운영 목표는 사회맞춤형 산학협력 선도전문대학(LINC+) 육성사업(사회맞춤형학과 중점형)을 합리적이고 효율적으로 지원하여, 사업의 성공을 통해 청년 취업에 기여하는 것입니다."
 LINC3.0사업단의 주요 업무는 무엇인가요?,주요 업무는 산학협력 선도전문대학 육성사업(LINC+) 사회맞춤형학과 중점형 사업에 관한 업무와 기타 관련 업무입니다.
 창업지원단의 위치와 연락처는 무엇인가요?,"창업지원단은 5호관 4층에 위치하며, 전화는 031-720-2272입니다."
 창업지원단의 주요 업무는 무엇인가요?,"주요 업무는 입주업체 모집, 평가 및 계약, 보육실 운영 관리, 창업보육센터 운영평가, 운영지원금 신청/집행/정산, 예비창업자 사업화 프로그램 운영, 기타 관련 업무입니다."
 창업보육센터의 위치와 연락처는 무엇인가요?,"창업보육센터는 5호관 4층에 위치하며, 전화는 031-720-2272입니다."
 창업보육센터의 주요 업무는 무엇인가요?,"주요 업무는 학생 창업교육, 창업동아리 운영 및 지원, 학생 창업관련 워크숍 및 국내외 연수, 창업캠프, 창업경진대회 및 창업교육 프로그램 운영, 창업친화적 학사제도 운영, 창업 멘토링 시스템 및 멘토단 운영, 교원창업 및 교수 업적평가 관리, 기타 관련 업무입니다."
 창업교육센터의 위치와 연락처는 무엇인가요?,"창업교육센터는 5호관 4층에 위치하며, 전화는 031-720-2271입니다."
 창업교육센터의 주요 업무는 무엇인가요?,"주요 업무는 학생 창업교육, 창업동아리 운영 및 지원, 학생 창업관련 워크숍 및 국내외 연수, 창업캠프, 창업경진대회 및 창업교육 프로그램 운영, 창업친화적 학사제도 운영, 창업 멘토링 시스템 및 멘토단 운영, 교원창업 및 교수 업적평가 관리, 기타 관련 업무입니다."
 산학협력단의 위치와 연락처는 무엇인가요?,"산학협력단은 6호관 1층에 위치하며, 전화는 031-720-2907입니다."
 산학협력단의 주요 업무는 무엇인가요?,"주요 업무는 산학협력 활동의 기획, 총괄, 조정, 재정지원사업 신청 및 집행, 자금운영 및 회계, 시설 및 재산 관리, 특허 및 지식재산권 관리, 산업체와의 교류, 지역사회 및 산업체와의 협업, 중소기업 가치 창출 지원, 계약학과 운영, 산학협력 중장기 발전계획 수립 등입니다."
 특화산업지원센터의 위치와 연락처는 무엇인가요?,"특화산업지원센터는 6호관 2층에 위치하며, 전화는 031-724-2362입니다."
 특화산업지원센터의 주요 업무는 무엇인가요?,"주요 업무는 기업의 애로사항 상담 및 One-Stop 신속대응, 시제품 제작, 기업 지원을 위한 조정 지원, 기업 인력 상담 및 설계, 기업지원 시설 구축 및 운영, 자원 및 네트워크 연계, 기타 기업지원에 필요하다고 인정되는 사항입니다."
 공유협업지원센터의 위치와 연락처는 무엇인가요?,"공유협업지원센터는 6호관 2층에 위치하며, 전화는 031-720-2293입니다."
 공유협업지원센터의 주요 업무는 무엇인가요?,"주요 업무는 산학협력 자원 개방, 공유 및 협업, 산학협력 프로그램 개발 및 운영, 기업 맞춤형 재직자 교육 과정 개발 및 운영, 산학협력 자원 및 네트워크 연계, 가족회사 및 DU BEST 200 운영, 산학협력 포럼 행사 운영, 데이터 집적화 및 연계망 구축, 산업교육센터와 연계 등입니다."
 공동장비운영센터의 위치와 연락처는 무엇인가요?,"공동장비운영센터는 6호관 2층에 위치하며, 전화는 031-724-2362입니다."
 공동장비운영센터의 주요 업무는 무엇인가요?,"주요 업무는 공동장비 활용, 지원, 관리, 공동장비 관련 교육 및 세미나 개최 등입니다."
 산학공동기술개발센터의 위치와 연락처는 무엇인가요?,"산학공동기술개발센터는 6호관 1층에 위치하며, 전화는 031-720-2907입니다."
 산학공동기술개발센터의 주요 업무는 무엇인가요?,"주요 업무는 산학연관 협력사업 공모과제 홍보 및 신청, 외부 기관과의 협약 체결, 외부사업 연구비 집행 및 운영, 수탁 과제 연구, 간접비 관리, 연구 결과 보고, 기업체 발굴 및 공동기술개발과제 수행, 기술이전 및 사업화 추진, 산업체 자문 운영 등입니다."
 일학습병행공동훈련센터의 위치와 연락처는 무엇인가요?,"일학습병행공동훈련센터는 6호관 2층에 위치하며, 전화는 031-720-2219입니다."
 일학습병행공동훈련센터의 주요 목표는 무엇인가요?,목표는 일학습병행 기반으로 전문 AI 응용 소프트웨어 개발 인력을 양성하는 것입니다.
 일학습병행공동훈련센터의 진출 분야는 무엇인가요?,"진출 분야는 인공지능 프로그래머, 지능형 소프트웨어 개발자, 의료 AI 시스템 프로그래머, 로봇공학 기술자, 모바일게임 프로그래머, 시스템 소프트웨어 개발자, 빅데이터 처리 엔지니어, AI 투자분석가(애널리스트) 등입니다."
 일학습병행공동훈련센터에서 취득할 수 있는 자격증은 무엇인가요?,"자격증으로는 AI 분석전문가, AI 개발전문가, AIoT 융합지식사, AI 채용컨설턴트, AI 자율주행운전지도사, 인공지능 산업컨설턴트가 있습니다."
 신산업특화사업단의 위치와 연락처는 무엇인가요?,"신산업특화사업단은 13호관 3층에 위치하며, 전화는 031-724-2370~3입니다."
 신산업특화사업단의 운영 목표는 무엇인가요?,신산업분야 특화 선도전문대학 지원사업을 운영 및 지원하여 모빌리티 분야 창의융합 인재 양성에 기여하는 것입니다.
 신산업특화사업단의 주요 업무는 무엇인가요?,"주요 업무는 신산업분야 특화 선도전문대학 지원사업 운영, 지원, 조정 등 사업 총괄, 미래자동차 분야 교육과정 개발 및 운영·관리, 기타 사업 관련 업무 일체입니다."
 산학취업처의 위치와 연락처는 무엇인가요?,"산학취업처는 도서관 1층에 위치하며, 전화는 031-720-2219/2229/20입니다."
 산학취업처의 주요 업무는 무엇인가요?,"산학취업처는 산학협동 체계 확립, 인성 및 취업진로지도 혁신화, 취업교육 질적 내실화 등을 통해 학생 취업역량을 강화하고, 산․학간 협력사업 활성화를 통해 취업률을 향상시킵니다."
 DU일자리센터의 위치와 연락처는 무엇인가요?,"DU일자리센터는 도서관 1층에 위치하며, 전화는 031-720-2203/2236/20입니다."
 현장실습지원센터의 위치와 연락처는 무엇인가요?,"현장실습지원센터는 6호관 2층에 위치하며, 전화는 031-720-2204입니다."
 DU일자리센터의 주요 업무는 무엇인가요? ,"DU일자리센터는 산학연계 대외협력 및 홍보, 취업 관련 통계 작성 및 분석, 취업전산망 관리, 자격증 취득 및 편입 관련 업무, 취업 및 진로 지원 프로그램 운영, 공직 및 장애인 취업 운영, 정부지원사업 운영, 정보 수집, 구인업체 발굴 및 홍보, 취업동아리 운영, 해외취업 지원 등 다양한 취업 지원 업무를 수행합니다."
 현장실습지원센터의 주요 업무는 무엇인가요?,"현장실습지원센터는 현장실습 지원 및 관리, 국내외 인턴십 지원, 운영 기본계획 수립, 기업체 수요조사 및 발굴, 현장실습 운영, 순회지도 출장 지원, 보험 및 학생지원비 집행, 운영위원회 운영, 학기제 운영 등을 담당합니다."
 교무처의 주요 목표는 무엇인가요?,"수요자 중심의 교육과정과 공정한 학사관리로 급변하는 교육환경에 대처할 수 있는 학사행정서비스를 제공하고, 교원의 국내외 연수를 통한 능력계발로 실무능력과 인성을 겸비한 창의적 인재를 양성하는 것입니다."
 학사운영과의 위치와 연락처는 무엇인가요?,"학사운영과의 위치는 본관 1층이며, 연락처는 031-720-2012, 2013, 2014, 2018입니다."
 교육혁신지원센터의 위치와 연락처는 무엇인가요?,"교육혁신지원센터의 위치는 본관 1층이며, 연락처는 031-720-2177입니다."
 교양교육센터의 주요 업무 중 하나는 무엇인가요?,교양교육센터의 주요 업무 중 하나는 역량기반 교양 교육과정 개발 및 운영 지원입니다.
 학사학위지원센터의 연락처는 무엇인가요?,학사학위지원센터의 연락처는 031-720-2237입니다.
 교수학습지원센터의 위치는 어디인가요?,교수학습지원센터의 위치는 도서관 5층입니다.
 원격교육지원센터에서 제공하는 디지털 상호작용 도구는 무엇인가요?,원격교육지원센터에서 제공하는 디지털 상호작용 도구는 에듀테크 관련 도구입니다.
 교무처에서 성적관리에 관련된 업무는 무엇인가요?,"교무처의 성적관리에 관련된 업무에는 성적관리, 성적 이의신청 처리, 실기교사자격증 발급 및 관리 등이 포함됩니다."
 학사운영과에서 처리하는 학적변동 업무에는 어떤 것이 있나요?,"학사운영과에서 처리하는 학적변동 업무에는 편입학, 제적, 휴학, 복학, 재입학, 자퇴, 전과 등이 포함됩니다."
 교육혁신지원센터에서 관리하는 체계의 이름은 무엇인가요?,교육혁신지원센터에서 관리하는 체계의 이름은 “DU-SUC²ESS” 체계입니다.
 입학홍보과의 위치와 연락처는 무엇인가요?,"입학홍보과의 위치는 본관 1층이며, 연락처는 031-720-2900~2입니다."
 입학홍보과의 주요 업무는 무엇인가요?,"입학홍보과의 주요 업무는 신입생 모집계획 수립 및 관리, 산업체위탁교육생 모집 및 홍보, 입시결과 분석 및 입시전략 수립, 입시홍보 및 상담, 입시홍보물 제작, 입시관련 설명회 행사 진행, 본교의 종합적인 홍보 계획 수립 등입니다."
 미디어센터의 위치와 연락처는 무엇인가요?,"미디어센터의 위치는 도서관 5층이며, 연락처는 031-720-2266입니다."
 미디어센터의 운영 목표는 무엇인가요?,"미디어센터의 운영 목표는 신속하고 정확한 정보 제공, 교양과 문화가 넘치는 대학 환경 조성, 동질감과 연대감 형성을 위한 정보 매체 서비스 개선입니다."
 미디어센터의 주요 업무는 무엇인가요?,"미디어센터의 주요 업무는 교내 음성방송 및 유튜브 촬영, 학교행사 촬영 지원, 학보 발간, 재학생들의 영상 및 음향편집 장비 제공, 교내 공용 방송미디어 시설 기술지원 등입니다."
 학생처의 위치와 연락처는 무엇인가요?,"학생처의 위치는 7호관 1층이며, 연락처는 031-720-2016입니다."
 학생처의 주요 목표는 무엇인가요?,"학생처의 주요 목표는 학생들의 자율 능력을 향상시키고 안정된 면학 분위기를 정착시키며, 건전한 학내 분위기 유지를 위한 제반 업무를 수행하는 것입니다."
 학생서비스과의 위치와 연락처는 무엇인가요?,"학생서비스과의 위치는 7호관 1층이며, 연락처는 031-720-2015/2016입니다."
 학생서비스과의 주요 업무는 무엇인가요?,"학생서비스과의 주요 업무는 학생 활동 지도 및 지원, 학생지도위원회 운영, 학생 상벌 관리, 학술 및 봉사활동 지원, 학생단체 및 동아리 지원, 장학 업무 등입니다."
 학생생활상담센터의 위치와 연락처는 무엇인가요?,"학생생활상담센터의 위치는 도서관 5층이며, 연락처는 031-720-2205입니다."
 학생생활상담센터의 주요 업무는 무엇인가요?,"학생생활상담센터의 주요 업무는 대학생활 적응검사, 상담시스템 운영, 학생 개인 및 집단 상담지도, 심리검사 및 진로상담, 성희롱·성폭력 상담 등입니다."
 장애학생지원센터의 위치와 연락처는 무엇인가요?,"장애학생지원센터의 위치는 7호관 1층이며, 연락처는 031-720-2016입니다."
 장애학생지원센터의 주요 업무는 무엇인가요?,"장애학생지원센터의 주요 업무는 장애학생 지원, 교육복지 실태조사, 장애학생특별지원위원회 운영 등입니다."
 학산관의 위치와 연락처는 무엇인가요?,"학산관의 위치는 국제교류센터 7-10층이며, 연락처는 031-720-2032입니다."
 인권센터의 위치와 연락처는 무엇인가요?,"인권센터의 위치는 도서관 5층이며, 연락처는 031-720-2141입니다."
 기획처의 위치와 연락처는 무엇인가요?,"기획처의 위치는 본관 1층이며, 연락처는 031-720-2986입니다."
 기획처의 주요 목표는 무엇인가요?,"기획처의 주요 목표는 중장기 발전 계획 및 대학 특성화계획 수립과 추진, 예산의 합리적 편성, 국제적 역량 강화 등을 통해 대학의 경쟁력을 강화하는 것입니다."
 기획예산과의 위치와 연락처는 무엇인가요?,"기획예산과의 위치는 본관 1층이며, 연락처는 031-720-2986~2989입니다."
 기획예산과의 주요 업무는 무엇인가요?,"기획예산과의 주요 업무는 중장기 발전계획 수립, 교육목표 관리 및 성과평가, 조직개선 및 직무분석, 감사, 대학 자체평가, 예산 편성 및 통제, 등록금 책정 등입니다."
 국제협력센터의 위치와 연락처는 무엇인가요?,"국제협력센터의 위치는 본관 1층이며, 연락처는 031-720-2985입니다."
 국제협력센터의 주요 업무는 무엇인가요?,"국제협력센터의 주요 업무는 해외 취업 및 연수 프로그램 운영, 유학생 유치 및 관리, 글로벌 현장학습, 외국 대학과의 교류, 해외 업체 및 기관과의 협약 등입니다."
 행정지원과의 위치와 연락처는 무엇인가요?,"행정지원과의 위치는 본관 1층이며, 연락처는 031-720-2019/2021/2020입니다."
 행정지원과의 주요 업무는 무엇인가요?,"행정지원과의 주요 업무는 교직원 후생복지, 문서 관리, 직인 관수, 의식행사 관리, 보안 및 비상 업무, 연금 및 건강보험 업무, 인사 관련 업무 등입니다."
 경리과의 위치와 연락처는 무엇인가요?,"경리과의 위치는 본관 1층이며, 연락처는 031-720-2026입니다."
 경리과의 주요 업무는 무엇인가요?,"경리과의 주요 업무는 출납, 회계장부 정리, 자금 관리, 결산, 교직원 급여, 학생 등록금 수납, 세금 납부, 강사료 지급, 세입 및 세출 관리 등입니다."
 관리과의 위치와 연락처는 무엇인가요?,"관리과의 위치는 본관 1층이며, 연락처는 031-720-2024/2027/2127입니다."
 관리과의 주요 업무는 무엇인가요?,"관리과의 주요 업무는 시설 관리, 안전 관리, 조경 및 수목 관리, 전화 및 통신 관리, 차량 운행 관리, 물품 관리, 소방 관리, 공해 및 위험물 관리 등입니다."
 정보지원센터의 위치와 연락처는 무엇인가요?,"정보지원센터는 도서관 2, 3, 4층에 위치하며, 연락처는 031-720-2191, 031-720-2192, 031-720-2193입니다."
 정보지원센터의 운영목표는 무엇인가요?,"도서관 이용자에게 필요한 자료를 수집, 정리, 보존하여 효율적인 서비스를 제공하고, 학생 중심의 맞춤형 학습환경을 조성하며 학습 활동을 지원하는 것입니다."
 정보지원센터의 주요 업무는 무엇인가요?,"도서구입 및 정리, 도서관 DB 구축 및 관리, 도서대출 및 반납, 전자자료 구입 및 관리, 서가정리 및 도서 배가, 정기간행물 구독 및 관리, 전자정보실 및 북카페 관리, 창의열람실 및 커뮤니티룸 관리 등입니다."
 전산정보과의 위치와 연락처는 무엇인가요?,"전산정보과는 도서관 5층에 위치하며, 연락처는 031-720-2198, 031-720-2221, 031-720-2222입니다."
 전산정보과의 운영목표는 무엇인가요?,"급변하는 교육환경에 맞춰 대학 정보화 체제를 마련하고, 정보시스템 인프라의 안정화 및 고도화를 통해 정보시스템 품질을 개선하며, 차세대 종합정보시스템 하드웨어 구축을 목표로 합니다."
 전산정보과의 주요 업무는 무엇인가요?,"대학 정보화 기획 및 실행, 통합정보시스템 구축 및 운영, 업무용 솔루션 도입 및 운영, 홈페이지 구축 및 운영, 정보보안 및 개인정보보호, 서버 및 보안장비 관리, 네트워크 및 무선랜 운영 및 유지관리 등입니다."
 예비군대대의 위치와 연락처는 무엇인가요?,"예비군대대는 본관 1층에 위치하며, 연락처는 031-720-2207입니다."
 예비군대대의 운영목표는 무엇인가요?,"학생 중 예비군 편성대상자를 관리하고, 향토예비군설치법에 따라 학생예비군의 훈련을 적용하여 혜택을 부여하며 예비전력 자원의 효율성을 극대화하는 것입니다."
 예비군대대의 주요 업무는 무엇인가요?,"직장예비군 편성 및 자원관리, 예비군 교육훈련 및 동원 운영, 직장 방호 및 비상계획, 민방위대 조직 편성 및 자원 관리, 민방위대원 교육훈련 및 민방위의 날 훈련, 예비군 및 민방위 장비 관리, 입영 대상자원 관리 및 병무상담 등입니다."
 연구지원센터의 위치와 연락처는 무엇인가요?,"연구지원센터는 6호관 1층에 위치하며, 연락처는 031-720-2907입니다."
 연구지원센터의 운영목표는 무엇인가요?,"학술연구 단체 및 산업체와 협력하여 산업기술의 이론과 응용에 관한 연구를 수행하고, 연구 분위기를 조성하며 연구활동을 지원하여 국가 산업 발전에 기여하는 것입니다."
 연구지원센터의 주요 업무는 무엇인가요?,"산업기술 발전을 위한 기초 과학 기술 연구, 산업기술 개발과 활용 연구, 교수의 연구비 및 연구관련 경비 지원, 대학 정책과제 관련 운영비 지원, 대학논문집 및 간행물 발간 및 배포, 연구원의 학술활동 지원, 교내외 디자인 관련 연구업무 지원 등입니다."
 평생교육원의 위치와 연락처는 무엇인가요?,"평생교육원은 국제교류센터 3층에 위치하며, 연락처는 031-720-2226, 031-720-2267입니다."
 평생교육원의 운영목표는 무엇인가요?,"지역사회와 국가, 인류문화 창달에 기여할 유능한 인재를 육성하고, 전문 지식과 기술을 익혀 급변하는 산업현장에 적응할 수 있는 실무능력을 배양하며, 열린 교육 체제를 구축하고 다양한 교육을 갈망하는 모든 학습자에게 양질의 교육을 공급하는 것입니다."
 평생교육원의 주요 업무는 무엇인가요?,"평생교육과정, 학점은행제과정, 비학위 전공심화과정, 실직자 재취업 훈련과정, 재직자 재교육 훈련과정, 교원정보화 직무연수, 커피전문가(Barista) 자격검정 시험, 기타 관련 업무입니다."
 어학교육원의 위치와 연락처는 무엇인가요?,"어학교육원은 국제교류센터 3층에 위치하며, 연락처는 031-720-2227입니다."
 어학교육원의 운영목표는 무엇인가요?,"국제화를 대비하여 학생들의 외국어 능력을 향상시키기 위해 영어, 일본어, 중국어 회화반 및 TOEIC반을 개설하여 운영하며, 외국어 강의 및 상담을 통해 실무능력을 기르는 것입니다."
 어학교육원의 주요 업무는 무엇인가요?,"기초 영문법 교육, 영어 회화 실력 향상, TOEIC 강의 및 시험, 일본어 문법 및 회화 강의, 기타 관련 업무입니다."
 발전기금의 목적은 무엇인가요?,"교육환경 개선, 대학 중장기 발전 계획 지원, 실험실습 기자재 확충 지원, 각종 장학기금 등입니다."
 발전기금에 참여할 수 있는 대상은 누구인가요?,"동문, 교직원, 학부모, 기업체, 기관 및 단체, 일반인 등입니다."
 발전기금의 종류는 무엇이 있나요?,일반 발전기금: 기부자가 사용 용도를 지정하지 않고 출연한 기금 지정 발전기금: 기부자가 특별한 사용 용도를 지정하여 출연한 기금
 기부 시 어떤 세제 혜택이 있나요?,개인 및 법인은 기부한 금액에 대해 연말정산 및 법인세 신고 시 세제 혜택을 받을 수 있습니다.
 기부 방법은 어떻게 되나요?,온라인 입금 (발전기금 계좌: 약정서 참조). 약정서를 작성하여 동서울대학교 기획예산과로 보내신 후 입금해 주시기 바랍니다.
 발전기금 약정서 다운로드는 어디서 하나요?,약정서는 동서울대학교 홈페이지에서 다운로드하실 수 있습니다.
 발전기금 관련 문의는 어떻게 하나요?,"전화: (031) 720-2987, 팩스: (031) 721-1999로 문의하시면 됩니다."
 동서울대학교의 교육이념은 무엇인가요?,동서울대학교의 교육이념은 “인격과 기술이 겸비된 전인교육”입니다.
 동서울대학교의 교훈은 무엇인가요?,"동서울대학교의 교훈은 진실, 창의, 봉사입니다."
 동서울대학교의 사명은 어떤 것인가요?,동서울대학교의 사명은 참된 가치관 위에 지식과 기술을 창의적으로 활용하며 이웃을 위한 봉사의 자세를 갖춘 미래 필요 인재를 양성하는 것입니다.
 동서울대학교의 비전은 무엇인가요?,동서울대학교의 비전은 인성에 기술을 채워 공존의 가치를 실천하는 실용교육 선도대학입니다.
 동서울대학교 구성원이 교육자로서 지켜야 할 윤리적 원칙은 무엇인가요?,"교육자로서 동서울대학교 구성원은 학생의 인격을 존중하고 그들의 다양성을 인정하며, 사회가 요구하는 역량을 갖춘 전문직업인으로 성장할 수 있도록 해야 합니다."
 동서울대학교 연구자들이 준수해야 할 윤리적 기준은 무엇인가요?,"연구자들은 연구윤리를 준수하고 창의적이고 실무적인 연구 활동에 매진하며, 동료 교수의 교육과 연구 활동을 존중하여 교육 발전을 도모해야 합니다."
 동서울대학교 학생들이 지켜야 할 윤리적 원칙은 무엇인가요?,"학생들은 진취적인 자세로 전문지식을 쌓고 역량 강화와 자기 개발을 위해 노력하며, 국가 발전에 기여할 목표를 가지고 학업에 정진해야 합니다."
 동서울대학교 학생들이 타인과의 관계에서 지켜야 할 윤리적 태도는 무엇인가요?,학생들은 타인의 인격과 권리를 존중하고 다양한 사고와 문화를 인정하며 협력하고 소통해야 합니다.
 동서울대학교 학생들이 학내외 행동에서 지켜야 할 기준은 무엇인가요?,"학생들은 교직원의 인격과 가치를 존중하며 대학의 제·규정을 준수하고, 학내·외의 제반 행위가 법률과 도덕적 계율에서 벗어나지 않도록 항상 자율적 자기 통제에 최선을 다해야 합니다."
 동서울대학교가 2024년 6월 25일에 달성한 성과는 무엇인가요?,"2024년 6월 25일, 동서울대학교는 한국대학교육협의회 부설 한국교양기초교육원에서 2024년 전문대학 기초교양교육 우수개선대학으로 선정되었습니다."
 2024년 6월 11일 동서울대학교에서 어떤 시설이 준공되었나요?,"2024년 6월 11일, 동서울대학교에서 무대제작소(연면적: 378.22㎡)가 준공되었습니다."
 2024년 6월 10일 동서울대학교의 어떤 성과가 있었나요?,"2024년 6월 10일, 동서울대학교는 2023년 통합·재직자 일학습병행 공동훈련센터 성과평가에서 최우수(S등급)를 달성했습니다."
 동서울대학교가 2024년 5월 16일에 체결한 MOU는 어떤 기관과의 협약인가요?,"2024년 5월 16일, 동서울대학교는 한국항공대학교와 MOU를 체결했습니다."
 2024년 4월 24일 동서울대학교가 체결한 MOU는 어떤 외국 대학과의 협약인가요?,"2024년 4월 24일, 동서울대학교는 중국 남경임업대학과 MOU를 체결했습니다."
 동서울대학교가 2024년 4월 23일에 수상한 상은 무엇인가요?,"2024년 4월 23일, 동서울대학교는 2024 국가산업대상에서 산업경쟁력(인재육성) 부문 대상을 수상했습니다."
 2024년 4월 4일 동서울대학교가 체결한 MOU는 어떤 대학과의 협약인가요?,"2024년 4월 4일, 동서울대학교는 한국 폴리텍대학(성남 캠퍼스)과 MOU를 체결했습니다."
 2024년 3월 21일 동서울대학교가 체결한 MOU는 어떤 외국 대학과의 협약인가요?,"2024년 3월 21일, 동서울대학교는 싱가폴 DIMENSION 대학과 MOU를 체결했습니다."
 2024년 3월 1일 동서울대학교가 선정된 글로벌현장학습 사업의 세부 사항은 무엇인가요?,"2024년 3월 1일, 동서울대학교는 2024년 전문대학 글로벌현장학습 사업에 선정되었으며, 총 8명(호주 시드니 4명 + 중국 상하이 4명)이 참여합니다. 또한, 2024년 전문대학 글로벌현장학습 창업트랙 우수대학으로 선정되었습니다."
 동서울대학교가 2024년 3월 1일에 선정된 사업은 무엇인가요?,"2024년 3월 1일, 동서울대학교는 대학일자리플러스센터 사업, 재학생 맞춤형 고용서비스 사업, 고교생 맞춤형 고용서비스 사업에 선정되었습니다."
 2024년 3월 1일 동서울대학교의 제14대 총장은 누구인가요?,2024년 3월 1일 제14대 총장으로 유광섭 총장이 취임했습니다.
 2024년 2월 22일 동서울대학교에서 어떤 행사였나요?,"2024년 2월 22일, 동서울대학교는 제47회 입학식을 거행했습니다."
 2024년 2월 16일 동서울대학교에서 수여한 학위의 총 수는 얼마인가요?,"2024년 2월 16일, 동서울대학교는 제45회 전문학사 및 학사학위 수여식에서 총 2,052명(전문학사 1,716명, 학사 336명)에게 학위를 수여했습니다. 전체적으로 총 86,144명(전문학사 84,237명, 학사 1,907명)에게 학위를 수여했습니다."
 2024년 2월 5일 동서울대학교에서 어떤 조직 개편이 있었나요?,"2024년 2월 5일, 동서울대학교는 일학습병행공동훈련센터를 산학협력단 하부조직에서 총장 직속기구로 이동하는 조직 개편을 진행했습니다."
 2023년 11월 13일에 체결된 MOU는 어떤 기관과 관련이 있습니까?,"2023년 11월 13일에는 두 가지 MOU가 체결되었습니다. 하나는 호주 AIO Real Estate와 학생 취업을 위한 MOU이고, 다른 하나는 호주 MIT Institute와 학생 교류를 위한 MOU입니다."
 2023년 10월 30일에 체결된 협정은 무엇을 포함하고 있습니까?,2023년 10월 30일에는 중국 천진외국어대학교와 MOU 및 2+2 협정이 체결되었습니다.
 2023년 K-MOVE스쿨 사업 선정에 대한 정보는 무엇인가요?,"2023년 K-MOVE스쿨 사업으로는 싱가포르 식음료조리분야 정규취업 연수과정 8기가 선정되었습니다. 이 과정에는 총 10명이 참가하며, 호텔외식조리과 2명과 호텔관광경영학과 8명이 포함됩니다."
" 제44회 후기 전문학사 및 학사학위 수여는 언제 이루어졌고, 총 인원은 몇 명이었나요?","제44회 후기 전문학사 및 학사학위 수여는 2023년 8월 11일에 이루어졌으며, 전문학사 64명과 학사 1명이 수여되었습니다. 총 전문학사 82,521명, 학사학위 1,571명이 누적되었습니다."
 2023년 매치업사업 드론전문가 심화과정 선정 날짜는 언제인가요?,2023년 매치업사업 드론전문가 심화과정 선정은 2023년 5월 26일에 이루어졌습니다.
 2023년 전문대학 글로벌현장학습 사업은 어떤 내용을 포함하고 있나요?,"2023년 전문대학 글로벌현장학습 사업으로는 총 7명이 선정되었으며, 호주 시드니 5명과 중국 상하이 2명이 포함됩니다."
 2023년 재학생 맞춤형 고용서비스 사업 선정일자는 언제인가요?,2023년 재학생 맞춤형 고용서비스 사업은 2023년 3월 1일에 선정되었습니다.
 2023년 대학일자리플러스센터 사업 선정일자는 언제인가요?,2023년 대학일자리플러스센터 사업은 2023년 3월 1일에 선정되었습니다.
 제46회 입학식은 언제 거행되었나요?,제46회 입학식은 2023년 2월 23일에 거행되었습니다.
 제44회 전문학사 및 학사학위 수여의 날짜와 인원수는 얼마였나요?,"제44회 전문학사 및 학사학위 수여는 2023년 2월 17일에 이루어졌으며, 전문학사 1,838명과 학사 325명이 수여되었습니다. 총 전문학사 82,457명, 학사학위 1,570명이 누적되었습니다."
 2022년 12월 2일에 어떤 사업이 운영기관으로 선정되었나요?,"2022년 12월 2일, 일학습병행 첨단산업아카데미 시범사업의 운영기관으로 선정되었습니다. 해당 학과는 미래자동차과(자율주행 소프트웨어개발_L5)이며, 훈련인원은 20명 승인되었습니다. 운영형태는 일학습병행 전문대 재학생단계(공업전문학사)입니다."
 2022년 12월 1일의 조직개편에 대한 정보는 무엇인가요?,"2022년 12월 1일, 산학협력단 하부조직의 명칭이 변경되었습니다. P-TECH공동훈련센터가 일학습병행공동훈련센터로 변경되었습니다."
 2022년 10월 1일에 어떤 조직개편이 있었나요?,"2022년 10월 1일, 학생처 하부조직에 인권센터가 신설되었습니다."
 2022년 9월 15일에 선정된 K-MOVE스쿨 사업에 대한 정보는 무엇인가요?,"2022년 9월 15일, 싱가포르 식음료조리분야 정규취업 연수과정 7기가 선정되었습니다. 총 10명이 참가하며, 항공서비스학과 2명과 호텔관광경영학과 8명이 포함됩니다."
 2022년 8월 12일 제43회 후기 전문학사 및 학사학위 수여의 인원수는 얼마였나요?,"제43회 후기 전문학사 및 학사학위 수여는 2022년 8월 12일에 이루어졌으며, 전문학사 55명과 학사 12명이 수여되었습니다. 총 전문학사 80,619명, 학사학위 1,245명이 누적되었습니다."
 2022년 7월 22일에 어떤 국제 협정이 있었나요?,"2022년 7월 22일, Mongolia International University와 자매결연을 체결하였습니다."
 2022년 7월 1일에 조직개편된 내용은 무엇인가요?,"2022년 7월 1일, 혁신지원단 하부조직으로 메타버스교육센터가 신설되었으며, 총장직속으로 SDS HiVE센터가 신설되었습니다."
 2022년 6월 24일에 선정된 경력개발고도화 시범사업의 내용은 무엇인가요?,"2022년 6월 24일, 경력개발고도화 시범사업 운영 공동훈련센터로 AI융합소프트웨어학과(인공지능개발_L5)가 선정되었습니다. 모집정원은 20명이며, 운영형태는 정원외 계약학과 전공심화과정(공학사)입니다."
 2022년 6월 2일에 어떤 고등직업교육거점지구 사업이 선정되었나요?,"2022년 6월 2일, 동서울대학교-신구대학교-성남시 컨소시엄의 고등직업교육거점지구 사업(HiVE)이 선정되었습니다. 사업 기간은 2022년부터 2024년까지입니다."
 2022년 5월 20일에 선정된 전문대학 글로벌현장학습 사업의 내용은 무엇인가요?,"2022년 5월 20일, 전문대학 글로벌현장학습 사업으로 총 10명이 선정되었습니다. 이들은 호주 시드니 4명과 중국 상하이 6명으로 구성됩니다."
 2022년 5월 4일에 선정된 산학연협력 선도전문대학 육성사업에 대한 정보는 무엇인가요?,"2022년 5월 4일, 3단계 산학연협력 선도전문대학 육성사업(LINC 3.0)이 선정되었습니다. 이 사업은 2022년부터 2024년까지 진행됩니다."
 2022년 5월 1일의 조직개편 내용은 무엇인가요?,"2022년 5월 1일, 학생처 하부조직으로 학산관이 신설되었으며, 총장직속으로 시설사업단이 신설되었습니다."
 2022년 3월 1일에 있었던 조직개편에 대한 정보는 무엇인가요?,"2022년 3월 1일, 산학협력단 하부조직으로 특화산업지원센터, 공유협업지원센터, 공동장비운영센터, 산학공동기술개발센터가 신설되었으며, 중소기업산학혁신센터는 폐지되고 연구지원센터는 부속기관으로 이동했습니다. 또한 P-TECH공동훈련센터는 산학취업처에서 이동되었고, 사회맞춤형교육사업단은 LINC3.0사업단으로 변경되었습니다."
 2022년 3월 1일에 선정된 대학일자리플러스센터 사업의 정보는 무엇인가요?,"2022년 3월 1일, 대학일자리플러스센터 사업이 선정되었습니다."
 2022년 2월 24일에 개최된 행사에 대한 정보는 무엇인가요?,2022년 2월 24일에 제45회 입학식이 거행되었습니다.
 2022년 2월 11일에 제43회 전문학사 및 학사학위 수여의 인원수는 얼마였나요?,"제43회 전문학사 및 학사학위 수여는 2022년 2월 11일에 이루어졌으며, 전문학사 1,856명과 학사 292명이 수여되었습니다. 총 전문학사 80,564명, 학사학위 1,233명이 누적되었습니다."
" 동서울대학교가 2021년 어떤 평가에서 ""일반재정 지원 대학""으로 선정되었나요?","2021년 대학 기본역량 진단 최종결과에서 ""일반재정 지원 대학""으로 선정되었습니다."
 동서울대학교가 2021년 제42회 후기 전문학사 및 학사학위 수여식에서 수여한 학위의 총 수는 얼마인가요?,"2021년 제42회 후기 전문학사 및 학사학위 수여식에서 전문학사 53명, 학사 4명이 수여되었습니다. 누적 전문학사 78,708명, 학사 941명입니다."
 동서울대학교가 2021년 7월 1일에 어떤 조직개편을 단행했나요?,2021년 7월 1일에 신산업특화사업단이 신설되었습니다. 이 조직은 직속기구로 설정되었습니다.
 동서울대학교가 2021년 6월 1일에 무엇을 발표했나요?,"2021년 6월 1일, 동서울대학교는 교육부 주관 ""신산업분야 특화 선도전문대학 지원사업""에 선정되었으며, 한국연구재단과 사업 협약을 체결했습니다."
 동서울대학교의 신산업분야 특화 선도전문대학 지원사업의 총 사업기간은 언제부터 언제까지인가요?,총 사업기간은 2021년 6월 1일부터 2024년 2월 29일까지입니다.
 동서울대학교가 2021년에 매치업 사업 운영기관으로 선정된 날짜는 언제인가요?,2021년 4월 28일에 매치업 사업 운영기관으로 선정되었습니다.
 동서울대학교의 조직개편에서 2021년 4월 15일에 신설된 부서와 변경된 부서는 무엇인가요?,"2021년 4월 15일에 입학홍보처가 신설되었고, 학사지원처는 교무처로 명칭이 변경되었습니다. 교무처의 하부조직으로 원격교육지원센터가 신설되었습니다."
 2021년 동서울대학교가 K-Move스쿨 운영기관으로 선정된 날짜는 언제인가요?,2021년 3월 3일에 K-Move스쿨 운영기관으로 선정되었습니다.
 동서울대학교가 2021년에 고용노동부 대학일자리센터 사업에 선정된 횟수는 몇 회인가요?,2021년에 고용노동부 대학일자리센터 사업에 4년 연속으로 선정되었습니다.
 2021년 2월 19일에 동서울대학교가 거행한 제42회 전문학사 및 학사학위 수여식에서 수여한 학위의 총 수는 얼마인가요?,"제42회 전문학사 및 학사학위 수여식에서 전문학사 2,169명, 학사 285명이 수여되었습니다. 총 전문학사 78,655명, 학사 937명입니다."
 동서울대학교의 2019년 정규 인증심사 결과와 2020년 정규 전문대학 기관평가인증 보완심사 결과는 무엇인가요?,"2019년 정규 인증심사 결과와 2020년 정규 전문대학 기관평가인증 보완심사 결과 모두 ""인증"" 판정을 받았으며, 인증유효기간은 2021년 1월 1일부터 2024년 12월 31일까지입니다."
 2020년 1월 1일 동서울대학교에서 어떤 조직개편이 있었나요?,"2020년 1월 1일에 부속기관 정보지원센터가 신설되었으며, 하부조직으로 학술정보과와 전산정보과가 신설되었습니다. 도서관과 전산정보센터는 직제가 폐지되었습니다."
 동서울대학교가 2020년 11월 1일에 단행한 조직개편의 주요 내용은 무엇인가요?,2020년 11월 1일에 산학취업처의 하부조직으로 산학협력과와 P-TECH 공동훈련센터가 신설되었습니다.
 동서울대학교가 2020년 10월 29일에 고용노동부로부터 어떤 지정을 받았나요?,"2020년 10월 29일에 고용노동부로부터 2021년도 고숙련일학습병행(P-TECH) 공동훈련센터로 지정되었습니다. 학과명은 AI응용소프트웨어과(SW개발_L5)이며, 모집정원은 42명으로 승인되었습니다. 운영형태는 정원외 계약학과입니다."
 동서울대학교가 2020년 10월 8일에 신규 인가된 학사학위 전공심화과정은 무엇인가요?,2020년 10월 8일에 2021학년도 학사학위 전공심화과정으로 1개 학과가 신규 인가되었습니다. 총 20개 학과가 운영됩니다.
 2020년 8월 21일에 동서울대학교에서 수여된 전문학사와 학사학위의 총 수는 얼마인가요?,"2020년 8월 21일 제41회 후기 전문학사 및 학사학위 수여식에서 전문학사 54명, 학사 0명이 수여되었습니다. 누적 전문학사 76,486명, 학사 652명입니다."
 동서울대학교가 2020년 6월 3일에 받은 교육부의 평가는 어떤 등급인가요?,2020년 6월 3일에 동서울대학교는 교육부 전문대학 후진학 선도형 사업(혁신지원사업 Ⅲ유형) 1차년도 평가에서 A등급을 받았습니다.
 2020년 5월 1일에 동서울대학교에서 단행된 조직개편의 내용은 무엇인가요?,"2020년 5월 1일에 혁신지원단 하부조직으로 창의융합교육지원센터가 신설되었고, 산학취업처 하부조직으로 VR교육센터가 폐지되었습니다. 또한, 부설기관인 학교기업 시예가 폐지되었습니다."
 동서울대학교가 2020년에 선정된 대학연계 중소기업 인력양성사업의 연속 선정 횟수는 몇 회인가요?,2020년에는 7년 연속으로 대학연계 중소기업 인력양성사업에 선정되었습니다.
 2020년 3월 11일에 동서울대학교가 선정된 운영기관은 무엇인가요?,2020년 3월 11일에 동서울대학교는 K-Move스쿨 운영기관으로 선정되었습니다.
" 동서울대학교의 제13대 총장은 누구이며, 어떤 날짜에 연임되었나요?","제13대 총장은 유광섭이며, 2020년 3월 1일에 연임되었습니다."
 2020년 동서울대학교가 고용노동부 대학일자리센터 사업에 선정된 연속 횟수는 몇 회인가요?,2020년에는 고용노동부 대학일자리센터 사업에 3년 연속으로 선정되었습니다.
 동서울대학교와 미국 하와이 THE UNIVERSITY OF HAWAI‘I–WEST O‘AHU의 자매결연이 체결된 날짜는 언제인가요?,2020년 1월 8일에 동서울대학교와 미국 하와이 THE UNIVERSITY OF HAWAI‘I–WEST O‘AHU가 자매결연을 체결했습니다.
 2019년 2주기 전문대학 기관평가인증 심사 결과는 무엇인가요?,"2019년 2주기 전문대학 기관평가인증 심사 결과는 조건부 인증이며, 인증 유효기간은 2020년 1월 1일부터 2020년 12월 31일까지입니다."
 2020년 1월 1일의 조직개편에서 기획처와 창업지원단의 하부조직은 어떻게 되었나요?,"2020년 1월 1일에 기획처 하부조직으로 교육생산성센터가 폐지되었고, 창업지원단 하부조직으로 창업지원센터가 폐지되었습니다."
 동서울대학교의 주소는 무엇인가요?,동서울대학교의 주소는 경기도 성남시 수정구 복정로 76입니다.
 동서울대학교의 입학상담실 연락처는 어떻게 되나요?,"입학상담실의 연락처는 031-720-2900~2이며, FAX는 031-720-2903입니다."
 동서울대학교의 취업상담실 연락처는 무엇인가요?,"취업상담실의 연락처는 031-720-2017이며, FAX는 031-721-1999입니다."
 지하철을 이용해 동서울대학교에 가려면 어떤 노선을 타야 하나요?,지하철 분당선 또는 8호선을 이용해 복정(동서울대학교)역에서 하차해야 합니다.
 복정(동서울대학교)역에서 동서울대학교까지의 거리는 얼마나 되나요?,복정(동서울대학교)역에서 동서울대학교까지는 성남분당 방향으로 900m 거리입니다 (버스 2정거장).
 동서울대학교에 가는 버스의 일반 노선 번호를 알려주세요.,"동서울대학교로 가는 일반 버스 노선 번호는 100, 70, 30, 32, 119, 357입니다."
 동서울대학교로 가는 지선 버스 노선 번호는 무엇인가요?,동서울대학교로 가는 지선 버스 노선 번호는 4419입니다.
 동서울대학교로 가는 간선 버스 노선 번호는 어떤 것이 있나요?,"동서울대학교로 가는 간선 버스 노선 번호는 302, 303, 452입니다."
 동서울대학교로 가는 광역 버스 노선 번호는 무엇인가요?,동서울대학교로 가는 광역 버스 노선 번호는 9403입니다.
 동서울대학교에서 주차장 이용 시 어떤 시스템이 도입되었나요?,2019년 9월부터 무인정산시스템이 도입되었습니다.
 지상주차장은 누구에게 이용이 허용되나요?,"지상주차장은 대학업무용, 관공서, 공사 및 납품차량 등 대학에서 승인한 차량만 이용할 수 있으며, 택시 진입은 금지되어 있습니다."
 지하주차장은 누구에게 이용이 허용되나요?,"지하주차장은 전 교직원 및 대학 방문차량(재학생 및 시간강사, 입주업체 포함)에게 이용이 허용됩니다."
 정기주차권의 1개월 및 6개월 이용금액은 얼마인가요?,"교직원 및 재학생의 정기주차권은 1개월 15,000원, 6개월 60,000원입니다. 입주업체는 1개월 15,000원이며, 6개월 정기권은 제공되지 않습니다. 복정동 주민의 경우 6개월 정기권만 이용 가능하며, 금액은 60,000원입니다."
 수시차량의 주차 요금은 어떻게 되나요?,"수시차량의 경우 최초 30분은 무료이며, 이후 최초 30분은 1,500원, 초과 10분당 500원의 요금이 부과됩니다."
 교직원 정기주차권 신청 기간은 언제인가요?,교직원 정기주차권 신청 기간은 2020년 2월 24일(월)부터 3월 6일(금)까지입니다.
 정기주차권을 1개월 단위로 신청하려면 어떻게 해야 하나요?,1개월 단위의 정기주차권 신청은 주차장 관리사무소에서 직접 신청해야 합니다.
 장애인 및 국가유공자는 정기주차권 요금에서 어떤 혜택이 있나요?,장애인 및 국가유공자는 정기주차권 요금이 무료입니다.
 경차는 정기주차권 요금에서 어떤 할인 혜택이 있나요?,경차는 정기주차권 요금에서 50% 할인 혜택이 제공됩니다.
 재학생의 정기주차권 신청 기간과 방법은 무엇인가요?,"재학생의 정기주차권 신청 기간은 학기 중이며, 신청 방법은 학생증(재학증명서 가능), 면허증, 차량등록증, 보험증을 제시하고 주차장 근무 시간인 09:00 ~ 18:00 사이에 신청 가능합니다."
 정기주차권 신청 시 확인해야 할 서류는 무엇인가요?,"정기주차권 신청 시 차량등록증, 면허증, 주민등록등본, 재직증명서가 필요하며, 모든 서류는 현장에서 확인만 이루어집니다."
 정기주차권 사용 중 차량 번호가 변경되면 어떻게 해야 하나요?,"차량 번호가 변경된 경우, 차량등록증을 지참하고 주차관리실에 변경 신청을 해야 합니다."
 6개월 정기주차권을 이용 중 환불을 요청하면 어떻게 처리되나요?,"6개월 정기주차권 환불 요청 시 사용월별 15,000원씩 차감되며, 월말 기준으로 적용됩니다. 예를 들어, 2020년 5월 10일 환불 요청 시 3월, 4월, 5월 기준으로 45,000원이 차감되어 15,000원이 환불됩니다."
 이륜자동차(오토바이)는 동서울대학교 주차장에서 어떻게 처리되나요?,"이륜자동차(오토바이)는 주차신청 및 교내 진입, 지하주차장 이용이 불가하며, 정문 학산탑 옆 이륜차 전용 주차장을 이용해야 합니다."
 주차장 관련 기타 문의는 어디로 해야 하나요?,주차장 관련 기타 자세한 사항은 관리과(☏ 031-720-2938)로 문의하면 됩니다.
 동서울대학교의 전동킥보드 대학패스는 무엇인가요?,"동서울대학교의 전동킥보드 대학패스는 월 9,900원으로 100분간 전동킥보드를 이용할 수 있는 패스입니다. 제공 시간 소진 후에도 잠금해제 비용은 무제한 무료입니다."
 대학패스의 제공 시간은 어떻게 되나요?,"대학패스는 매월 100분을 제공하며, 제공 시간이 소진된 후에는 잠금해제 비용이 무제한 무료로 제공됩니다."
 동서울대학교 대학패스를 구매할 수 있는 대상은 누구인가요?,동서울대학교에 재학 중인 학생과 교직원 모두가 대학패스를 구매할 수 있습니다.
 대학패스 신청 방법은 무엇인가요?,"하단의 버튼을 클릭하여 설문지를 작성하면, 패스 구매 전용 페이지로 접속할 수 있는 쿠폰코드와 사용 방법을 문자로 받아볼 수 있습니다."
 패스의 이용 일자는 어떻게 되나요?,"구독형 패스의 이용 일자는 구독한 날로부터 30일이며, 다음 결제 예정일에 결제가 성공하면 자동으로 구독이 갱신됩니다."
 패스 이용 중 100분을 초과하면 어떻게 되나요?,"패스에서 제공하는 100분을 초과할 경우, 초과 시간에 대해서는 일반 요금제가 적용됩니다."
 패스의 대여는 최대 몇 분까지 적용되나요?,"킥보드는 대여 1회당 최대 30분까지 패스가 적용됩니다. 30분을 초과할 경우, 초과 시간에 대해서는 일반 요금제가 적용됩니다."
 패스는 어떤 경우에 중복 구매가 불가능한가요?,"패스 상품은 중복 구매가 불가능하며, 사용 중인 패스 상품의 사용 기간이 만료되거나 환불되어야 다시 구매할 수 있습니다."
 반납 추가 지역에 반납할 경우 추가 요금은 어떻게 되나요?,"반납 추가 지역에 반납할 경우, 반납 추가 요금이 별도로 부과됩니다."
 패스는 전기자전거에도 적용되나요?,패스는 전기자전거 이용 시에는 적용되지 않습니다.
 패스 이용 시 쿠폰 및 제휴 할인은 어떻게 적용되나요?,"패스 이용 중 쿠폰 및 제휴 할인은 추가 결제 금액에 한하여 적용되며, 쿠폰 상세 정보 및 제휴 조건에 따라 적용되지 않을 수 있습니다."
 패스 구매 시 어떤 지역에서 킥보드를 이용할 수 있나요?,패스 구매 시 전국 씽씽 서비스 지역에서 킥보드를 이용할 수 있습니다.
 패스는 언제든지 사용 가능한가요?,"패스는 평일, 주말, 심야 시간대 관계없이 언제든지 사용 가능합니다."
 산하협력단 산하의 센터들은 어떤 것들이 있나요?,"특화사업지원센터, 공유협업지원센터, 공동장비운영센터, 산학공동기술개발센터가 있습니다."
 혁신지원단 산하의 센터들은 어떤 것들이 있나요?,"창의융합교육지원센터, 메타버스교육센터가 있습니다."
 창업지원단 산하의 센터들은 어떤 것들이 있나요?,"창업보육센터, 창업교육센터가 있습니다."
 산학취업처에 소속되어 있는 부서는 무엇인가요?,"산학협력과, DU일자리센터, 현장실습지원센터가 있습니다."
 교무처에 소속되어 있는 부서는 무엇인가요?,"학사운영과, 교육혁신지원센터, 교양교육센터, 학사학위지원센터, 교수학습지원센터, 원격교육지원센터가 있습니다."
 입학홍보처에 소속되어 있는 부서는 무엇인가요?,"입학홍보과, 미디어센터가 있습니다."
 학생처에 소속되어 있는 부서는 무엇인가요?,"학생서비스과, 학생생활상담센터, 장애학생지원센터, 학산관, 인권센터가 있습니다."
 기획처에 소속되어 있는 부서는 무엇인가요?,"기획예산과, 국제협력센터가 있습니다."
 사무국에 소속되어 있는 부서는 무엇인가요?,"행정지원과, 경리과, 관리과가 있습니다."
 부속기관에 소속되어 있는 부서는 무엇인가요?,"정보지원센터, 예비군대대, 연구지원센터가 있습니다."
 부설기관에 소속되어 있는 부서는 무엇인가요?,"평생교육원, 어학교육원이 있습니다."
 혁신지원단의 위치와 연락처는 무엇인가요?,"혁신지원단은 6호관 1층에 위치하며, 전화는 031-720-2933입니다."
 혁신지원단의 운영 목표는 무엇인가요?,혁신지원단의 운영 목표는 대학의 중장기 발전계획에 따른 혁신지원사업의 성공과 효율적인 업무 추진입니다.
 혁신지원단의 주요 업무는 무엇인가요?,"주요 업무는 혁신지원사업 운영계획 수립, 사업 총괄, 효율적 추진 지원 및 조정, 실적 및 성과지표 관리 감독, 예산배분 및 집행관리, 기타 관련 업무입니다."
 창의융합교육지원센터의 위치와 연락처는 무엇인가요?,"창의융합교육지원센터는 1호관 1층에 위치하며, 전화는 031-720-2914입니다."
 창의융합교육지원센터의 주요 업무는 무엇인가요?,"주요 업무는 융복합 분야 교육 지원 계획 수립, 창의메이커스페이스 운영, 융복합 트랙 및 학과 교육 지원, 4차 산업혁명기술 기반 융복합 비교과 개발 및 운영, 콘텐츠 연구 및 교육 지원, 교육 공간 활용 및 산업체 대상 교육 지원, 기타 관련 업무입니다."
 메타버스교육센터의 위치와 연락처는 무엇인가요?,"메타버스교육센터는 도서관 2층에 위치하며, 전화는 031-720-2984입니다."
 메타버스교육센터의 주요 업무는 무엇인가요?,"주요 업무는 메타버스 XR 기반 교육 콘텐츠 개발 및 지원, 관련 기술 연구 및 연구회 운영, 협의체 구축 및 콘텐츠 공동개발, 콘텐츠 제작 관련 재정지원사업 운영, 기타 관련 업무입니다."
 LINC3.0사업단의 위치와 연락처는 무엇인가요?,LINC3.0사업단은 본관 1층에 위치하고 있습니다. (연락처는 제공되지 않았습니다.)
 LINC3.0사업단의 운영 목표는 무엇인가요?,"LINC3.0사업단의 운영 목표는 사회맞춤형 산학협력 선도전문대학(LINC+) 육성사업(사회맞춤형학과 중점형)을 합리적이고 효율적으로 지원하여, 사업의 성공을 통해 청년 취업에 기여하는 것입니다."
 LINC3.0사업단의 주요 업무는 무엇인가요?,주요 업무는 산학협력 선도전문대학 육성사업(LINC+) 사회맞춤형학과 중점형 사업에 관한 업무와 기타 관련 업무입니다.
 창업지원단의 위치와 연락처는 무엇인가요?,"창업지원단은 5호관 4층에 위치하며, 전화는 031-720-2272입니다."
 창업지원단의 주요 업무는 무엇인가요?,"주요 업무는 입주업체 모집, 평가 및 계약, 보육실 운영 관리, 창업보육센터 운영평가, 운영지원금 신청/집행/정산, 예비창업자 사업화 프로그램 운영, 기타 관련 업무입니다."
 창업보육센터의 위치와 연락처는 무엇인가요?,"창업보육센터는 5호관 4층에 위치하며, 전화는 031-720-2272입니다."
 창업보육센터의 주요 업무는 무엇인가요?,"주요 업무는 학생 창업교육, 창업동아리 운영 및 지원, 학생 창업관련 워크숍 및 국내외 연수, 창업캠프, 창업경진대회 및 창업교육 프로그램 운영, 창업친화적 학사제도 운영, 창업 멘토링 시스템 및 멘토단 운영, 교원창업 및 교수 업적평가 관리, 기타 관련 업무입니다."
 창업교육센터의 위치와 연락처는 무엇인가요?,"창업교육센터는 5호관 4층에 위치하며, 전화는 031-720-2271입니다."
 창업교육센터의 주요 업무는 무엇인가요?,"주요 업무는 학생 창업교육, 창업동아리 운영 및 지원, 학생 창업관련 워크숍 및 국내외 연수, 창업캠프, 창업경진대회 및 창업교육 프로그램 운영, 창업친화적 학사제도 운영, 창업 멘토링 시스템 및 멘토단 운영, 교원창업 및 교수 업적평가 관리, 기타 관련 업무입니다."
 산학협력단의 위치와 연락처는 무엇인가요?,"산학협력단은 6호관 1층에 위치하며, 전화는 031-720-2907입니다."
 산학협력단의 주요 업무는 무엇인가요?,"주요 업무는 산학협력 활동의 기획, 총괄, 조정, 재정지원사업 신청 및 집행, 자금운영 및 회계, 시설 및 재산 관리, 특허 및 지식재산권 관리, 산업체와의 교류, 지역사회 및 산업체와의 협업, 중소기업 가치 창출 지원, 계약학과 운영, 산학협력 중장기 발전계획 수립 등입니다."
 특화산업지원센터의 위치와 연락처는 무엇인가요?,"특화산업지원센터는 6호관 2층에 위치하며, 전화는 031-724-2362입니다."
 특화산업지원센터의 주요 업무는 무엇인가요?,"주요 업무는 기업의 애로사항 상담 및 One-Stop 신속대응, 시제품 제작, 기업 지원을 위한 조정 지원, 기업 인력 상담 및 설계, 기업지원 시설 구축 및 운영, 자원 및 네트워크 연계, 기타 기업지원에 필요하다고 인정되는 사항입니다."
 공유협업지원센터의 위치와 연락처는 무엇인가요?,"공유협업지원센터는 6호관 2층에 위치하며, 전화는 031-720-2293입니다."
 공유협업지원센터의 주요 업무는 무엇인가요?,"주요 업무는 산학협력 자원 개방, 공유 및 협업, 산학협력 프로그램 개발 및 운영, 기업 맞춤형 재직자 교육 과정 개발 및 운영, 산학협력 자원 및 네트워크 연계, 가족회사 및 DU BEST 200 운영, 산학협력 포럼 행사 운영, 데이터 집적화 및 연계망 구축, 산업교육센터와 연계 등입니다."
 공동장비운영센터의 위치와 연락처는 무엇인가요?,"공동장비운영센터는 6호관 2층에 위치하며, 전화는 031-724-2362입니다."
 공동장비운영센터의 주요 업무는 무엇인가요?,"주요 업무는 공동장비 활용, 지원, 관리, 공동장비 관련 교육 및 세미나 개최 등입니다."
 산학공동기술개발센터의 위치와 연락처는 무엇인가요?,"산학공동기술개발센터는 6호관 1층에 위치하며, 전화는 031-720-2907입니다."
 산학공동기술개발센터의 주요 업무는 무엇인가요?,"주요 업무는 산학연관 협력사업 공모과제 홍보 및 신청, 외부 기관과의 협약 체결, 외부사업 연구비 집행 및 운영, 수탁 과제 연구, 간접비 관리, 연구 결과 보고, 기업체 발굴 및 공동기술개발과제 수행, 기술이전 및 사업화 추진, 산업체 자문 운영 등입니다."
 일학습병행공동훈련센터의 위치와 연락처는 무엇인가요?,"일학습병행공동훈련센터는 6호관 2층에 위치하며, 전화는 031-720-2219입니다."
 일학습병행공동훈련센터의 주요 목표는 무엇인가요?,목표는 일학습병행 기반으로 전문 AI 응용 소프트웨어 개발 인력을 양성하는 것입니다.
 일학습병행공동훈련센터의 진출 분야는 무엇인가요?,"진출 분야는 인공지능 프로그래머, 지능형 소프트웨어 개발자, 의료 AI 시스템 프로그래머, 로봇공학 기술자, 모바일게임 프로그래머, 시스템 소프트웨어 개발자, 빅데이터 처리 엔지니어, AI 투자분석가(애널리스트) 등입니다."
 일학습병행공동훈련센터에서 취득할 수 있는 자격증은 무엇인가요?,"자격증으로는 AI 분석전문가, AI 개발전문가, AIoT 융합지식사, AI 채용컨설턴트, AI 자율주행운전지도사, 인공지능 산업컨설턴트가 있습니다."
 신산업특화사업단의 위치와 연락처는 무엇인가요?,"신산업특화사업단은 13호관 3층에 위치하며, 전화는 031-724-2370~3입니다."
 신산업특화사업단의 운영 목표는 무엇인가요?,신산업분야 특화 선도전문대학 지원사업을 운영 및 지원하여 모빌리티 분야 창의융합 인재 양성에 기여하는 것입니다.
 신산업특화사업단의 주요 업무는 무엇인가요?,"주요 업무는 신산업분야 특화 선도전문대학 지원사업 운영, 지원, 조정 등 사업 총괄, 미래자동차 분야 교육과정 개발 및 운영·관리, 기타 사업 관련 업무 일체입니다."
 산학취업처의 위치와 연락처는 무엇인가요?,"산학취업처는 도서관 1층에 위치하며, 전화는 031-720-2219/2229/20입니다."
 산학취업처의 주요 업무는 무엇인가요?,"산학취업처는 산학협동 체계 확립, 인성 및 취업진로지도 혁신화, 취업교육 질적 내실화 등을 통해 학생 취업역량을 강화하고, 산․학간 협력사업 활성화를 통해 취업률을 향상시킵니다."
 DU일자리센터의 위치와 연락처는 무엇인가요?,"DU일자리센터는 도서관 1층에 위치하며, 전화는 031-720-2203/2236/20입니다."
 현장실습지원센터의 위치와 연락처는 무엇인가요?,"현장실습지원센터는 6호관 2층에 위치하며, 전화는 031-720-2204입니다."
 DU일자리센터의 주요 업무는 무엇인가요? ,"DU일자리센터는 산학연계 대외협력 및 홍보, 취업 관련 통계 작성 및 분석, 취업전산망 관리, 자격증 취득 및 편입 관련 업무, 취업 및 진로 지원 프로그램 운영, 공직 및 장애인 취업 운영, 정부지원사업 운영, 정보 수집, 구인업체 발굴 및 홍보, 취업동아리 운영, 해외취업 지원 등 다양한 취업 지원 업무를 수행합니다."
 현장실습지원센터의 주요 업무는 무엇인가요?,"현장실습지원센터는 현장실습 지원 및 관리, 국내외 인턴십 지원, 운영 기본계획 수립, 기업체 수요조사 및 발굴, 현장실습 운영, 순회지도 출장 지원, 보험 및 학생지원비 집행, 운영위원회 운영, 학기제 운영 등을 담당합니다."
 교무처의 주요 목표는 무엇인가요?,"수요자 중심의 교육과정과 공정한 학사관리로 급변하는 교육환경에 대처할 수 있는 학사행정서비스를 제공하고, 교원의 국내외 연수를 통한 능력계발로 실무능력과 인성을 겸비한 창의적 인재를 양성하는 것입니다."
 학사운영과의 위치와 연락처는 무엇인가요?,"학사운영과의 위치는 본관 1층이며, 연락처는 031-720-2012, 2013, 2014, 2018입니다."
 교육혁신지원센터의 위치와 연락처는 무엇인가요?,"교육혁신지원센터의 위치는 본관 1층이며, 연락처는 031-720-2177입니다."
 교양교육센터의 주요 업무 중 하나는 무엇인가요?,교양교육센터의 주요 업무 중 하나는 역량기반 교양 교육과정 개발 및 운영 지원입니다.
 학사학위지원센터의 연락처는 무엇인가요?,학사학위지원센터의 연락처는 031-720-2237입니다.
 교수학습지원센터의 위치는 어디인가요?,교수학습지원센터의 위치는 도서관 5층입니다.
 원격교육지원센터에서 제공하는 디지털 상호작용 도구는 무엇인가요?,원격교육지원센터에서 제공하는 디지털 상호작용 도구는 에듀테크 관련 도구입니다.
 교무처에서 성적관리에 관련된 업무는 무엇인가요?,"교무처의 성적관리에 관련된 업무에는 성적관리, 성적 이의신청 처리, 실기교사자격증 발급 및 관리 등이 포함됩니다."
 학사운영과에서 처리하는 학적변동 업무에는 어떤 것이 있나요?,"학사운영과에서 처리하는 학적변동 업무에는 편입학, 제적, 휴학, 복학, 재입학, 자퇴, 전과 등이 포함됩니다."
 교육혁신지원센터에서 관리하는 체계의 이름은 무엇인가요?,교육혁신지원센터에서 관리하는 체계의 이름은 “DU-SUC²ESS” 체계입니다.
 입학홍보과의 위치와 연락처는 무엇인가요?,"입학홍보과의 위치는 본관 1층이며, 연락처는 031-720-2900~2입니다."
 입학홍보과의 주요 업무는 무엇인가요?,"입학홍보과의 주요 업무는 신입생 모집계획 수립 및 관리, 산업체위탁교육생 모집 및 홍보, 입시결과 분석 및 입시전략 수립, 입시홍보 및 상담, 입시홍보물 제작, 입시관련 설명회 행사 진행, 본교의 종합적인 홍보 계획 수립 등입니다."
 미디어센터의 위치와 연락처는 무엇인가요?,"미디어센터의 위치는 도서관 5층이며, 연락처는 031-720-2266입니다."
 미디어센터의 운영 목표는 무엇인가요?,"미디어센터의 운영 목표는 신속하고 정확한 정보 제공, 교양과 문화가 넘치는 대학 환경 조성, 동질감과 연대감 형성을 위한 정보 매체 서비스 개선입니다."
 미디어센터의 주요 업무는 무엇인가요?,"미디어센터의 주요 업무는 교내 음성방송 및 유튜브 촬영, 학교행사 촬영 지원, 학보 발간, 재학생들의 영상 및 음향편집 장비 제공, 교내 공용 방송미디어 시설 기술지원 등입니다."
 학생처의 위치와 연락처는 무엇인가요?,"학생처의 위치는 7호관 1층이며, 연락처는 031-720-2016입니다."
 학생처의 주요 목표는 무엇인가요?,"학생처의 주요 목표는 학생들의 자율 능력을 향상시키고 안정된 면학 분위기를 정착시키며, 건전한 학내 분위기 유지를 위한 제반 업무를 수행하는 것입니다."
 학생서비스과의 위치와 연락처는 무엇인가요?,"학생서비스과의 위치는 7호관 1층이며, 연락처는 031-720-2015/2016입니다."
 학생서비스과의 주요 업무는 무엇인가요?,"학생서비스과의 주요 업무는 학생 활동 지도 및 지원, 학생지도위원회 운영, 학생 상벌 관리, 학술 및 봉사활동 지원, 학생단체 및 동아리 지원, 장학 업무 등입니다."
 학생생활상담센터의 위치와 연락처는 무엇인가요?,"학생생활상담센터의 위치는 도서관 5층이며, 연락처는 031-720-2205입니다."
 학생생활상담센터의 주요 업무는 무엇인가요?,"학생생활상담센터의 주요 업무는 대학생활 적응검사, 상담시스템 운영, 학생 개인 및 집단 상담지도, 심리검사 및 진로상담, 성희롱·성폭력 상담 등입니다."
 장애학생지원센터의 위치와 연락처는 무엇인가요?,"장애학생지원센터의 위치는 7호관 1층이며, 연락처는 031-720-2016입니다."
 장애학생지원센터의 주요 업무는 무엇인가요?,"장애학생지원센터의 주요 업무는 장애학생 지원, 교육복지 실태조사, 장애학생특별지원위원회 운영 등입니다."
 학산관의 위치와 연락처는 무엇인가요?,"학산관의 위치는 국제교류센터 7-10층이며, 연락처는 031-720-2032입니다."
 인권센터의 위치와 연락처는 무엇인가요?,"인권센터의 위치는 도서관 5층이며, 연락처는 031-720-2141입니다."
 기획처의 위치와 연락처는 무엇인가요?,"기획처의 위치는 본관 1층이며, 연락처는 031-720-2986입니다."
 기획처의 주요 목표는 무엇인가요?,"기획처의 주요 목표는 중장기 발전 계획 및 대학 특성화계획 수립과 추진, 예산의 합리적 편성, 국제적 역량 강화 등을 통해 대학의 경쟁력을 강화하는 것입니다."
 기획예산과의 위치와 연락처는 무엇인가요?,"기획예산과의 위치는 본관 1층이며, 연락처는 031-720-2986~2989입니다."
 기획예산과의 주요 업무는 무엇인가요?,"기획예산과의 주요 업무는 중장기 발전계획 수립, 교육목표 관리 및 성과평가, 조직개선 및 직무분석, 감사, 대학 자체평가, 예산 편성 및 통제, 등록금 책정 등입니다."
 국제협력센터의 위치와 연락처는 무엇인가요?,"국제협력센터의 위치는 본관 1층이며, 연락처는 031-720-2985입니다."
 국제협력센터의 주요 업무는 무엇인가요?,"국제협력센터의 주요 업무는 해외 취업 및 연수 프로그램 운영, 유학생 유치 및 관리, 글로벌 현장학습, 외국 대학과의 교류, 해외 업체 및 기관과의 협약 등입니다."
 행정지원과의 위치와 연락처는 무엇인가요?,"행정지원과의 위치는 본관 1층이며, 연락처는 031-720-2019/2021/2020입니다."
 행정지원과의 주요 업무는 무엇인가요?,"행정지원과의 주요 업무는 교직원 후생복지, 문서 관리, 직인 관수, 의식행사 관리, 보안 및 비상 업무, 연금 및 건강보험 업무, 인사 관련 업무 등입니다."
 경리과의 위치와 연락처는 무엇인가요?,"경리과의 위치는 본관 1층이며, 연락처는 031-720-2026입니다."
 경리과의 주요 업무는 무엇인가요?,"경리과의 주요 업무는 출납, 회계장부 정리, 자금 관리, 결산, 교직원 급여, 학생 등록금 수납, 세금 납부, 강사료 지급, 세입 및 세출 관리 등입니다."
 관리과의 위치와 연락처는 무엇인가요?,"관리과의 위치는 본관 1층이며, 연락처는 031-720-2024/2027/2127입니다."
 관리과의 주요 업무는 무엇인가요?,"관리과의 주요 업무는 시설 관리, 안전 관리, 조경 및 수목 관리, 전화 및 통신 관리, 차량 운행 관리, 물품 관리, 소방 관리, 공해 및 위험물 관리 등입니다."
 정보지원센터의 위치와 연락처는 무엇인가요?,"정보지원센터는 도서관 2, 3, 4층에 위치하며, 연락처는 031-720-2191, 031-720-2192, 031-720-2193입니다."
 정보지원센터의 운영목표는 무엇인가요?,"도서관 이용자에게 필요한 자료를 수집, 정리, 보존하여 효율적인 서비스를 제공하고, 학생 중심의 맞춤형 학습환경을 조성하며 학습 활동을 지원하는 것입니다."
 정보지원센터의 주요 업무는 무엇인가요?,"도서구입 및 정리, 도서관 DB 구축 및 관리, 도서대출 및 반납, 전자자료 구입 및 관리, 서가정리 및 도서 배가, 정기간행물 구독 및 관리, 전자정보실 및 북카페 관리, 창의열람실 및 커뮤니티룸 관리 등입니다."
 전산정보과의 위치와 연락처는 무엇인가요?,"전산정보과는 도서관 5층에 위치하며, 연락처는 031-720-2198, 031-720-2221, 031-720-2222입니다."
 전산정보과의 운영목표는 무엇인가요?,"급변하는 교육환경에 맞춰 대학 정보화 체제를 마련하고, 정보시스템 인프라의 안정화 및 고도화를 통해 정보시스템 품질을 개선하며, 차세대 종합정보시스템 하드웨어 구축을 목표로 합니다."
 전산정보과의 주요 업무는 무엇인가요?,"대학 정보화 기획 및 실행, 통합정보시스템 구축 및 운영, 업무용 솔루션 도입 및 운영, 홈페이지 구축 및 운영, 정보보안 및 개인정보보호, 서버 및 보안장비 관리, 네트워크 및 무선랜 운영 및 유지관리 등입니다."
 예비군대대의 위치와 연락처는 무엇인가요?,"예비군대대는 본관 1층에 위치하며, 연락처는 031-720-2207입니다."
 예비군대대의 운영목표는 무엇인가요?,"학생 중 예비군 편성대상자를 관리하고, 향토예비군설치법에 따라 학생예비군의 훈련을 적용하여 혜택을 부여하며 예비전력 자원의 효율성을 극대화하는 것입니다."
 예비군대대의 주요 업무는 무엇인가요?,"직장예비군 편성 및 자원관리, 예비군 교육훈련 및 동원 운영, 직장 방호 및 비상계획, 민방위대 조직 편성 및 자원 관리, 민방위대원 교육훈련 및 민방위의 날 훈련, 예비군 및 민방위 장비 관리, 입영 대상자원 관리 및 병무상담 등입니다."
 연구지원센터의 위치와 연락처는 무엇인가요?,"연구지원센터는 6호관 1층에 위치하며, 연락처는 031-720-2907입니다."
 연구지원센터의 운영목표는 무엇인가요?,"학술연구 단체 및 산업체와 협력하여 산업기술의 이론과 응용에 관한 연구를 수행하고, 연구 분위기를 조성하며 연구활동을 지원하여 국가 산업 발전에 기여하는 것입니다."
 연구지원센터의 주요 업무는 무엇인가요?,"산업기술 발전을 위한 기초 과학 기술 연구, 산업기술 개발과 활용 연구, 교수의 연구비 및 연구관련 경비 지원, 대학 정책과제 관련 운영비 지원, 대학논문집 및 간행물 발간 및 배포, 연구원의 학술활동 지원, 교내외 디자인 관련 연구업무 지원 등입니다."
 평생교육원의 위치와 연락처는 무엇인가요?,"평생교육원은 국제교류센터 3층에 위치하며, 연락처는 031-720-2226, 031-720-2267입니다."
 평생교육원의 운영목표는 무엇인가요?,"지역사회와 국가, 인류문화 창달에 기여할 유능한 인재를 육성하고, 전문 지식과 기술을 익혀 급변하는 산업현장에 적응할 수 있는 실무능력을 배양하며, 열린 교육 체제를 구축하고 다양한 교육을 갈망하는 모든 학습자에게 양질의 교육을 공급하는 것입니다."
 평생교육원의 주요 업무는 무엇인가요?,"평생교육과정, 학점은행제과정, 비학위 전공심화과정, 실직자 재취업 훈련과정, 재직자 재교육 훈련과정, 교원정보화 직무연수, 커피전문가(Barista) 자격검정 시험, 기타 관련 업무입니다."
 어학교육원의 위치와 연락처는 무엇인가요?,"어학교육원은 국제교류센터 3층에 위치하며, 연락처는 031-720-2227입니다."
 어학교육원의 운영목표는 무엇인가요?,"국제화를 대비하여 학생들의 외국어 능력을 향상시키기 위해 영어, 일본어, 중국어 회화반 및 TOEIC반을 개설하여 운영하며, 외국어 강의 및 상담을 통해 실무능력을 기르는 것입니다."
 어학교육원의 주요 업무는 무엇인가요?,"기초 영문법 교육, 영어 회화 실력 향상, TOEIC 강의 및 시험, 일본어 문법 및 회화 강의, 기타 관련 업무입니다."
 발전기금의 목적은 무엇인가요?,"교육환경 개선, 대학 중장기 발전 계획 지원, 실험실습 기자재 확충 지원, 각종 장학기금 등입니다."
 발전기금에 참여할 수 있는 대상은 누구인가요?,"동문, 교직원, 학부모, 기업체, 기관 및 단체, 일반인 등입니다."
 발전기금의 종류는 무엇이 있나요?,일반 발전기금: 기부자가 사용 용도를 지정하지 않고 출연한 기금 지정 발전기금: 기부자가 특별한 사용 용도를 지정하여 출연한 기금
 기부 시 어떤 세제 혜택이 있나요?,개인 및 법인은 기부한 금액에 대해 연말정산 및 법인세 신고 시 세제 혜택을 받을 수 있습니다.
 기부 방법은 어떻게 되나요?,온라인 입금 (발전기금 계좌: 약정서 참조). 약정서를 작성하여 동서울대학교 기획예산과로 보내신 후 입금해 주시기 바랍니다.
 발전기금 약정서 다운로드는 어디서 하나요?,약정서는 동서울대학교 홈페이지에서 다운로드하실 수 있습니다.
 발전기금 관련 문의는 어떻게 하나요?,"전화: (031) 720-2987, 팩스: (031) 721-1999로 문의하시면 됩니다."
 동서울대학교의 2022~2024년도 재정 지원 사업 주요 선정 내역에는 어떤 것들이 있나요?,동서울대학교는 다음과 같은 재정 지원 사업에 선정되었습니다:교육부 일반재정지원대학 선정 (2022~2024학년도): 자율혁신 역량을 인정받아 미래교육을 위한 자율혁신을 추진하고 있습니다.전문대학 혁신지원사업 선정: 4차 산업혁명 시대에 요구되는 창의력과 융·복합 직무능력을 가진 인재를 배출하기 위한 교육시스템을 구축하고 있습니다.3단계 산학연협력 선도전문대학 (LINC 3.0) (2022~2024학년도): 산학연협력 기반 강화 및 신산업·신기술 분야 현장 실무형 인재 양성을 위한 협력체계를 강화하고 습니다.고등직업교육거점지구 사업 (HiVE) 선정 (2022~2024학년도): ‘동서울대학교-신구대학교-성남시 컨소시엄’으로 지역 특화 산업분야 인재양성 및 지역사회 문제 해결 프로그램을 수행하고 있습니다.신산업분야 특화 선도전문대학 선정 (미래자동차 자율주행모빌리티 분야): 자율주행 모빌리티 분야의 융합 전공을 통해 창의 융합 인재를 양성하고 있습니다.산업맞춤 단기직무능력인증과정 매치업 선정 (드론 분야): 드론 분야에서 단기 직무능력 인증과정을 운영하고 있습니다.미래형 자동차 현장 인력 양성사업 선정 (미래자동차학과): 산업통상자원부 및 성남시로부터 지원받아 xEV 분야의 현장 및 직무 전환 인력을 양성하고 있습니다.고숙련 일학습병행제 선정 (AI 응용 소프트웨어과): AI 응용 소프트웨어 개발 인력을 양성하기 위한 일학습병행 기반 교육을 실시하고 있습니다.대학일자리(플러스)센터 사업 선정 (고용노동부): 학생들의 진로와 취업을 지원하기 위해 다양한 프로그램을 운영하고 있습니다.산업정책연구원(IPS) 2022 국가서비스대상 수상 (스마트자동차 특성화 부문): 미래자동차 산업 인력 양성에 기여한 공로로 2022 국가서비스 대상을 수상했습니다
 동서울대학교의 특색 있는 교육 시스템에는 어떤 것들이 포함되어 있나요?,"동서울대학교의 교육 시스템은 다음과 같습니다: 선진 교육 시스템: 인격적, 기술적 경쟁력을 갖춘 전문가 양성을 위해 뛰어난 교육 시스템과 실무 중심의 교육을 제공합니다. 38개의 학과와 두 가지 이상의 분야를 접목시킨 교육과정을 운영합니다. 미래형 인재 선발: 대입 수학능력시험 및 학교생활기록부 성적 외에도 면접 및 실기고사를 통해 학생을 선발합니다. 면접과 실기고사가 필요한 학과는 사회복지학과, 항공서비스학과, 뷰티코디네이션과 등입니다. 첨단 교육 시설: 미래 지향형 디지털 캠퍼스와 다양한 첨단 교육 시설을 통해 학생 중심의 교육 환경을 제공합니다. 체육시설, 학원시설, 공연시설 등도 갖추어져 있습니다. 글로벌 현장학습: 8개국 38개 대학과 자매결연을 맺고, 글로벌 현장학습을 통해 해외 체험을 제공하며 취업과 연계하는 프로그램을 운영합니다."
 동서울대학교의 재정 지원 사업 중 산학연협력 기반 강화를 위한 사업은 무엇인가요?,"동서울대학교는 3단계 산학연협력 선도전문대학 (LINC 3.0) 사업에 선정되어 산학연협력 기반 강화 및 신산업·신기술 분야의 현장 실무형 인재 양성을 위해 협력체계를 강화하고 있으며, 지속 가능한 산학연협력 혁신 생태계를 구축하고 있습니다."
 동서울대학교가 글로벌 현장학습을 통해 지원하는 조건은 무엇인가요?,"동서울대학교의 글로벌 현장학습 프로그램은 학생들이 해외 현장에서의 체험을 통해 학습 동기를 부여받고 자기 계발 기회를 제공하며 취업과 연계할 수 있도록 지원합니다. 기본조건으로는 영어, 중국어, 일본어 어학시험 성적이 기준 점수 이상이 되어야 합니다."
 동서울대학교의 ‘미래형 자동차 현장 인력 양성사업’은 어떤 지원을 받고 있나요?,"동서울대학교는 산업통상자원부로부터 4년간 6억 원, 성남시로부터 2억 원을 지원받아 미래형 자동차 분야의 xEV 관련 현장 및 직무 전환 인력을 양성하고 있습니다."
 동서울대학교 자유전공학과의 교육 목표는 무엇인가요?,"동서울대학교 자유전공학과의 교육 목표는 학생들이 스스로 전공을 탐색하고 선택할 수 있는 자기주도적 설계 역량을 키우는 것입니다. 또한, 환경의 변화에 능동적으로 대처하고 팀워크 활동에 참여할 수 있는 소통 역량을 함양하며, 전공 분야의 전문가가 될 수 있도록 커리어 관리 역량을 강화하는 데 중점을 두고 있습니다."
 자유전공학과의 학생들이 졸업 후 진로는 어떻게 되나요?,"자유전공학과 학생들은 학과 선택 이후, 해당 학과의 전공 관련 분야로 진출하여 자신의 전문성을 발휘하게 됩니다. 이를 통해 학생들은 자신이 탐색한 전공 분야에서 경력을 쌓고, 전문성을 갖춘 전문가로 성장할 수 있습니다."
 자유전공학과의 주요 교과목에는 어떤 것들이 있나요?,"주요 교과목은 다음과 같습니다: 1학년(전문학사) 전공탐색과 디자인: 학생들이 전공을 탐색하고 디자인할 수 있도록 대학 내 학과의 정보와 교육과정을 체험할 수 있는 다양한 정보 및 비교과 프로그램을 제공합니다. 취창업진로지도: 학생들이 자신의 커리어 계획을 수립할 수 있도록 돕는 과목입니다. 컴퓨터 리터러시: 컴퓨터를 활용한 다양한 프로그램 스킬을 익히고, 전공 학습 전 도구 활용의 애로사항을 해소하기 위한 교과목입니다."
 자유전공학과의 학생들이 활용할 수 있는 교육 시설은 무엇인가요?,"학생들은 도서관 3층의 북카페에서 전공 탐색공간을 활용할 수 있으며, 메이커스페이스 1호관 1층에서 전공 체험공간을 이용할 수 있습니다. 또한, 스터디카페인 자유전공학과 카페에서 학습과 연구를 지원받을 수 있습니다."
 자유전공학과의 교육 과정에서 취득할 수 있는 자격증은 무엇인가요?,"학생들은 기본적인 컴퓨터 활용 자격증과 SMAT 자격증을 취득할 수 있으며, 전공 학과에 진입한 이후에는 해당 전공에 관련된 자격증을 추가로 취득할 수 있습니다."
 디지털헬스케어과의 교육 목표는 무엇인가요?,"디지털헬스케어과의 교육 목표는 의용전자공학의 핵심 기술들을 바탕으로 최신 하드웨어 및 소프트웨어 기술을 습득하고, 첨단 디지털 헬스케어 산업의 핵심 요소인 ICT 기술, 센서 응용 기술, 인공지능 등 융합 기술과 의료 현장 및 휴먼 메커니즘에 대한 이해를 통해 창의적 헬스케어 엔지니어를 양성하는 것입니다."
 디지털헬스케어과의 차별점은 무엇인가요?,"디지털헬스케어과는 국립재활원 지원의 차세대 첨단 재활 의료기기 R&SD 사업을 운영하며, 재활 기기, 의료 기기, 웰니스 기술 등을 직접 다루고 관련 제품을 개발 및 연구할 기회를 제공합니다. 이를 통해 글로벌 첨단 헬스케어 산업에서 필요한 핵심 기술인 의료 기기, 센서 응용 기술, 인공지능 등의 HW/SW 실무 기술을 배울 수 있으며, 우수한 취업처 확보가 가능합니다."
 디지털헬스케어과의 졸업 후 진로는 어떻게 되나요?,"졸업 후, 학생들은 삼성메디슨, 코맥스 등 의료 기기 및 첨단 헬스케어 관련 산업체에 진출할 수 있습니다. 또한, 전자 및 ICT 관련 부품 분야(정보통신/이동통신기기, 스마트 이동통신기기, IoT 임베디드 기기 등)와 인공지능 컴퓨팅 기반 SW 분야(APNR 프로그래밍, XIOT 플랫폼 개발 등)에서도 경력을 쌓을 수 있습니다."
 디지털헬스케어과에서 취득할 수 있는 자격증은 무엇인가요?,"학생들은 의료산업기사, 의공기사, 의료기기 RA 자격증, 전자산업기사, 무선설비산업기사, 전기산업기사 등의 자격증을 취득할 수 있습니다."
 디지털헬스케어과의 주요 교과목은 무엇인가요?,"주요 교과목은 다음과 같습니다: 1학년(전문학사) - 인체의 구조와 기능(I, II), 의공학개론, 의용회로이론(I, II). 2학년(전문학사) - 생체신호계측, 의용전자회로(I, II), 의료영상처리, 의용프로그래밍. 3학년(전문학사) - 의료기기실무, 마이크로프로세서(I, II), 의공학프로젝트, 센서공학."
 웹툰과의 교육 목표는 무엇인가요?,"웹툰과의 교육 목표는 웹툰 문화콘텐츠 산업을 선도하는 전문 인재를 양성하는 것입니다. 이를 통해 웹툰 산업을 이끌어갈 전문 지식을 갖춘 인재를 교육하고, 디지털 환경 변화에 유연하게 대처할 수 있는 능력과 창의적인 웹툰 콘텐츠를 제작할 수 있는 실무 중심의 인재를 양성합니다. 또한, 현장성과 창의 문화성을 갖춘 융합형 웹툰 전문가를 양성하는 것을 목표로 합니다."
 웹툰과의 차별점은 무엇인가요?,"웹툰과는 학생 1인당 1대의 최신 와콤 신티크 태블릿 장비와 강의실을 갖추어 실무 기반의 현장 전문 교육을 운영합니다. 또한, 웹툰 공모전 수상 연계 수업을 통해 실력을 인정받을 기회를 제공하며, 창의적인 웹툰 콘텐츠 제작에 필요한 실무 기술을 교육합니다."
 웹툰과의 졸업 후 진로는 어떻게 되나요?,"졸업 후, 학생들은 웹툰 작가, 웹툰 PD, 웹툰 스토리 작가, 웹툰 콘텐츠 기획자, 일러스트레이션 작가, 캐릭터 디자이너, 배경 디자이너, 컨셉 디자이너(기획자) 등 다양한 분야에서 활동할 수 있습니다."
 웹툰과에서 취득할 수 있는 자격증은 무엇인가요?,"웹툰과에서는 GTQ 포토샵, GTQi 일러스트, 컴퓨터그래픽스운용기능사, Adobe Photoshop, Adobe Illustration 등의 자격증을 취득할 수 있습니다."
 웹툰과의 주요 교과목은 무엇인가요?,"주요 교과목은 다음과 같습니다: 1학년(전문학사) - 웹툰 기초, 웹툰 그래픽스, 웹툰 아이디어 발상, 웹툰 드로잉. 2학년(전문학사) - 웹툰 디지털 페인팅, 웹툰 스토리텔링, 웹툰 캡스톤디자인, 웹툰 창작 종합설계."
 항공기계과의 교육 목표는 무엇인가요?,"항공기계과의 교육 목표는 항공 및 설계 분야에서의 융합 지식을 탐구하여 4차 산업혁명 시대의 창의융합 인재를 양성하는 것입니다. 이를 위해 체계적인 기초 지식과 이론, 실기 교육을 통해 창의 융합 메이커 및 항공기 전문 기술인을 육성하고, 인성 교육과 협력 기반 교육과정을 통해 타인을 존중하고 열린 마음, 공동체 의식을 갖춘 미래 인재를 양성합니다."
 항공기계과의 특징은 무엇인가요?,"항공기계과는 최적의 학습 환경을 제공하며, 항공정비부사관, 드론, 창의융합 메이커 양성을 위한 우수한 커리큘럼을 갖추고 있습니다. 또한, 산학연협력 선도대학으로 선정되어 최신 실습 장비와 우수한 교수진을 확보하고 있으며, 국내 대학생 창업, 캡스톤 경진대회, 학생 논문 경진대회에서 다수의 수상이력을 보유하고 있습니다."
 항공기계과에서 취득할 수 있는 자격증은 무엇이 있나요?,"항공기계과에서는 항공산업기사, 항공정비기능사, 초경량비행장치조종사, 일반기계산업기사, 컴퓨터응용가공상업기사, 기계설계산업기사, 용접산업기사, 생산자동화산업기사, 정밀측정산업기사, 기계가공조립산업기사, 전산응용기계제도기능사 등의 자격증을 취득할 수 있습니다."
 항공기계과 졸업 후 진로는 어떤 것이 있나요?,"졸업 후에는 일반 기계 부품 설계 및 제작 분야, 항공정비부사관 및 민간 항공사, 항공정밀 기계 부품 설계 및 가공 분야, 드론 산업 분야, 플랜트 및 반도체 설비 분야에서 활동할 수 있으며, 국내외 대학으로 진학할 수 있는 기회도 있습니다."
 항공기계과의 주요 교과목은 무엇인가요?,"주요 교과목으로는 1학년(전문학사) - 항공기 시스템, 항공기체, 항공전기전자 기초, CAD 기초, 가스터빈 엔진, 유체역학, 항공계기, 항공역학, 항공재료, 항공전기전자 응용 등이 있으며, 2학년(전문학사)에는 왕복엔진, 드론정비조종실습, 항공기체 기초(응용) 실습, 항공기관 기초(응용) 실습, 기계요소 설계, CAD 실무, 전기전자 계기 기초(응용) 실습, 유공압 제어 실습, 금형 및 3D 프린팅 실무, CAM 등이 포함됩니다."
 항공기계과의 교육 시설은 무엇이 있나요?,"주요 교육 시설로는 항공기관실(9109호), CAD 실습실(9215호), 스터디카페(9202-1호) 등이 있으며, 실습과 학습을 위한 다양한 공간이 마련되어 있습니다."
 미래자동차학과의 교육 목표는 무엇인가요?,"미래자동차학과의 교육 목표는 미래자동차에 필요한 기계, 전기, 전자 지식을 갖춘 전문 기술 인력을 양성하는 것입니다. 이를 통해 창의적이고 도전정신을 겸비하며 책임을 다하는 기술 인력을 양성하고, 소통과 신뢰를 바탕으로 직업 윤리의식을 갖춘 글로벌 전문 기술 인력을 배출하는 것을 목표로 합니다."
 미래자동차학과에서 배우는 주요 기술 및 내용은 무엇인가요?,"미래자동차학과의 교육 목표는 미래자동차에 필요한 기계, 전기, 전자 지식을 갖춘 전문 기술 인력을 양성하는 것입니다. 이를 통해 창의적이고 도전정신을 겸비하며 책임을 다하는 기술 인력을 양성하고, 소통과 신뢰를 바탕으로 직업 윤리의식을 갖춘 글로벌 전문 기술 인력을 배출하는 것을 목표로 합니다."
 미래자동차학과 졸업 후 진로는 어떤 것이 있나요?,"미래자동차학과에서는 4차 산업혁명의 핵심 기술 중 하나인 미래자동차에 대해 배우며, 전기자동차, 하이브리드 자동차, 플러그인 자동차, 수소자동차와 관련된 현장 기술을 습득할 수 있습니다. 또한, 자율주행 소프트웨어와 관련된 코딩 기술도 배울 수 있습니다."
 미래자동차학과에서 취득할 수 있는 자격증은 무엇이 있나요?,"졸업 후에는 기계 조립 및 생산 분야, 기계 부품 및 시스템 설계 분야, 미래자동차 생산 관리 및 제품 설계 분야, 미래자동차 조립 및 정비 분야, 자율주행 소프트웨어 개발 분야 등 다양한 분야에서 활동할 수 있습니다. 또한, 미래자동차 분야 중견기업, 로봇 CS/연구 보조, 코딩 분야로의 진출도 가능합니다."
 미래자동차학과의 주요 교과목은 무엇인가요?,"취득할 수 있는 자격증으로는 기계설계산업기사, 자동차정비산업기사, 산업안전산업기사, 메카트로닉스산업기사 등이 있습니다."
 미래자동차학과의 교육 시설은 무엇이 있나요?,"주요 교과목으로는 1학년(전문학사) - 기계 기초 실습, 미래자동차 공학, 자동차 전기전자 개론, 고전원 전기장치 기초, 부품 모델링, 자동차 기관 이론, 자동차 섀시 이론, 자동차 전기전자 실습, 자율주행 코딩 기초 등이 있으며, 2학년(전문학사)에는 EV 구동 모터, 기계 요소 설계(I, II), 기계 응용 설계, 유공압 제어, 자동차 기관 실습, 자동차 섀시 실습, 3D 프린팅, xEV 기초 실무, 자율주행 이동체 등이 포함됩니다. 학사학위 과정에서는 로봇 공학 기초, 스마트 팩토리 개론, 자동차 부품 설계, 자동차 모델링, 제어 공학, 제어 실습, PLC 제어 실습, xEV 심화 실무, 유체 역학, 인공지능 기초 등이 제공됩니다."
 항공기계과 조용무 교수님 연구실 위치가 어디인가요?,항공기계과 조용무 교수님 연구실은 9호관 9414호실에 위치해 있습니다.
 항공기계과 최국헌 교수님 연구실 위치가 어디인가요?,항공기계과 최국헌 교수님 연구실은 9호관 9212호실에 위치해 있습니다.
 항공기계과 맹민재 교수님 연구실 위치가 어디인가요?,항공기계과 맹민재 교수님 연구실은 9호관 9409호실에 위치해 있습니다.
 항공기계과 정진화 교수님 연구실 위치가 어디인가요?,항공기계과 정진화 교수님 연구실은 9호관 9214호실에 위치해 있습니다.
 항공기계과 박현철 교수님 연구실 위치가 어디인가요?,항공기계과 박현철 교수님 연구실은 9호관 9413호실에 위치해 있습니다.
 미래자동차학과 조경래 교수님 연구실 위치가 어디인가요?,미래자동차학과 조경래 교수님 연구실은 9호관 9412호실에 위치해 있습니다.
 미래자동차학과 여은구 교수님 연구실 위치가 어디인가요?,미래자동차학과 여은구교수님 연구실은 9호관 9312호실에 위치해 있습니다.
 미래자동차학과 박순옥 교수님 연구실 위치가 어디인가요?,미래자동차학과 박순옥 교수님 연구실은 9호관 9310호실에 위치해 있습니다.
 미래자동차학과 하석재 교수님 연구실 위치가 어디인가요?,미래자동차학과 하석재 교수님 연구실은 9호관 9211호실에 위치해 있습니다.
 미래자동차학과 최승현 교수님 연구실 위치가 어디인가요?,미래자동차학과 최승현 교수님 연구실은 9호관 9305-2호실에 위치해 있습니다.
 미래자동차학과 유태재 교수님 연구실 위치가 어디인가요?,미래자동차학과 유태재 교수님 연구실은 9호관 9206호실에 위치해 있습니다.
 전기공학과 이정훈 교수님 연구실 위치가 어디인가요?,전기공학과 이정훈 교수님 연구실은 8호관 8209호실에 위치해 있습니다.
 전기공학과 홍재일 교수님 연구실 위치가 어디인가요?,전기공학과 홍재일 교수님 연구실은 8호관 8203호실에 위치해 있습니다.
 전기공학과 이승연 교수님 연구실 위치가 어디인가요?,전기공학과 이승연 교수님 연구실은 8호관 8208호실에 위치해 있습니다.
 전기공학과 김준호 교수님 연구실 위치가 어디인가요?,전기공학과 김준호 교수님 연구실은 8호관 8202호실에 위치해 있습니다.
 전기공학과 이향화 교수님 연구실 위치가 어디인가요?,전기공학과 이향화 교수님 연구실은 본관 312호실에 위치해 있습니다.
 전기공학과 윤중근 교수님 연구실 위치가 어디인가요?,전기공학과 윤중근 교수님 연구실은 8호관 8207호실에 위치해 있습니다.
 전기공학과 김지훈 교수님 연구실 위치가 어디인가요?,전기공학과 김지훈 교수님 연구실은 8호관 8205호실에 위치해 있습니다.
 전기공학과 김대희 교수님 연구실 위치가 어디인가요?,전기공학과 김대희 교수님 연구실은 8호관 8206호실에 위치해 있습니다.
 전기공학과 정종규 교수님 연구실 위치가 어디인가요?,전기공학과 정종규 교수님 연구실은 8호관 8204호실에 위치해 있습니다.
 컴퓨터전자과 허용민 교수님 연구실 위치가 어디인가요?,컴퓨터전자과 허용민 교수님 연구실은 8호관 8404호실에 위치해 있습니다.
 컴퓨터전자과 심현민 교수님 연구실 위치가 어디인가요?,컴퓨터전자과 심현민 교수님 연구실은 8호관 8402호실에 위치해 있습니다.
 컴퓨터전자과 이성진 교수님 연구실 위치가 어디인가요?,컴퓨터전자과 이성진 교수님 연구실은 8호관 8407호실에 위치해 있습니다.
 컴퓨터전자과 천영창 교수님 연구실 위치가 어디인가요?,컴퓨터전자과 천영창 교수님 연구실은 8호관 8408호실에 위치해 있습니다.
 컴퓨터전자과 우승탁 교수님 연구실 위치가 어디인가요?,컴퓨터전자과 우승탁 교수님 연구실은 8호관 8409호실에 위치해 있습니다.
 컴퓨터전자과 오태근 교수님 연구실 위치가 어디인가요?,컴퓨터전자과 오태근 교수님 연구실은 8호관 8406호실에 위치해 있습니다.
 컴퓨터전자과 장상필 교수님 연구실 위치가 어디인가요?,컴퓨터전자과 장상필 교수님 연구실은 2호관 2209호실에 위치해 있습니다.
 컴퓨터전자과 이상회 교수님 연구실 위치가 어디인가요?,컴퓨터전자과 이상회 교수님 연구실은 8호관 8403호실에 위치해 있습니다.
 IT융합학과 이상하 교수님 연구실 위치가 어디인가요?,IT융합학과 이상하 교수님 연구실은 8호관 8308호에 위치해 있습니다.
 IT융합학과 강정진 교수님 연구실 위치가 어디인가요?,IT융합학과 강정진 교수님 연구실은 8호관 8304호에 위치해 있습니다.
 IT융합학과 이시현 교수님 연구실 위치가 어디인가요?,IT융합학과 이시현 교수님 연구실은 8호관 8302호에 위치해 있습니다.
 IT융합학과 박형우 교수님 연구실 위치가 어디인가요?,IT융합학과 박형우 교수님 연구실은 8호관 8305호에 위치해 있습니다.
 IT융합학과 오현석 교수님 연구실 위치가 어디인가요?,IT융합학과 오현석 교수님 연구실은 8호관 5층에 위치해 있습니다.
 IT융합학과 한정환 교수님 연구실 위치가 어디인가요?,IT융합학과 한정환 교수님 연구실은 본관 407호실에 위치해 있습니다.
 IT융합학과 김용근 교수님 연구실 위치가 어디인가요?,IT융합학과 김용근 교수님 연구실은 8호관 8502호실에 위치해 있습니다.
 컴퓨터소프트웨어학과 서동린 교수님 연구실 위치가 어디인가요?,컴퓨터소프트웨어학과 서동린 교수님 연구실은 1호관 1211호실에 위치해 있습니다.
 컴퓨터소프트웨어학과 임경철 교수님 연구실 위치가 어디인가요?,컴퓨터소프트웨어학과 임경철 교수님 연구실은 1호관 1205호실에 위치해 있습니다.
 컴퓨터소프트웨어학과 이재희 교수님 연구실 위치가 어디인가요?,컴퓨터소프트웨어학과 이재희 교수님 연구실은 8호관 8307호실에 위치해 있습니다.
 컴퓨터소프트웨어학과 서장원 교수님 연구실 위치가 어디인가요?,컴퓨터소프트웨어학과 서장원 교수님 연구실은 1호관 1213호실에 위치해 있습니다.
 컴퓨터소프트웨어학과 염세훈 교수님 연구실 위치가 어디인가요?,컴퓨터소프트웨어학과 염세훈 교수님 연구실은 1호관 1206호실에 위치해 있습니다.
 컴퓨터소프트웨어학과 김두상 교수님 연구실 위치가 어디인가요?,컴퓨터소프트웨어학과 김두상 교수님 연구실은 1호관 1207호실에 위치해 있습니다.
 컴퓨터소프트웨어학과 문혜경 교수님 연구실 위치가 어디인가요?,컴퓨터소프트웨어학과 문혜경 교수님 연구실은 1호관 1212호실에 위치해 있습니다.
 컴퓨터소프트웨어학과 김민수 교수님 연구실 위치가 어디인가요?,컴퓨터소프트웨어학과 김민수 교수님 연구실은 본관 217호에 위치해 있습니다.
 컴퓨터소프트웨어학과 조민양 교수님 연구실 위치가 어디인가요?,컴퓨터소프트웨어학과 조민양 교수님 연구실은 2호관 2309-8호실에 위치해 있습니다.
 컴퓨터소프트웨어학과 초염 교수님 연구실 위치가 어디인가요?,컴퓨터소프트웨어학과 초염 교수님 연구실은 본관 513호실에 위치해 있습니다.
 컴퓨터소프트웨어학과 유동관 교수님 연구실 위치가 어디인가요?,컴퓨터소프트웨어학과 유동관 교수님 연구실은 2호관 2203호실에 위치해 있습니다.
 컴퓨터소프트웨어학과 김홍열 교수님 연구실 위치가 어디인가요?,컴퓨터소프트웨어학과 김홍열 교수님 연구실은 2호관 2208호실에 위치해 있습니다.
 건축학과 성기용 교수님 연구실 위치가 어디인가요?,건축학과 성기용 교수님 연구실은 본관 209호실에 위치해 있습니다.
 건축학과 홍정석 교수님 연구실 위치가 어디인가요?,건축학과 홍정석 교수님 연구실은 본관 402호실에 위치해 있습니다.
 건축학과 심종석 교수님 연구실 위치가 어디인가요?,건축학과 심종석 교수님 연구실은 본관 204호실에 위치해 있습니다.
 건축학과 김유한 교수님 연구실 위치가 어디인가요?,건축학과 김유한 교수님 연구실은 본관 304호실에 위치해 있습니다.
 건축학과 윤형진 교수님 연구실 위치가 어디인가요?,건축학과 윤형진 교수님 연구실은 본관 210호실에 위치해 있습니다.
 건축학과 신미옥 교수님 연구실 위치가 어디인가요?,건축학과 신미옥 교수님 연구실은 본관 207호실에 위치해 있습니다.
 건축학과 황비 교수님 연구실 위치가 어디인가요?,건축학과 황비 교수님 연구실은 본관 502호실에 위치해 있습니다.
 건축학과 최재규 교수님 연구실 위치가 어디인가요?,건축학과 최재규 교수님 연구실은 본관 211호실에 위치해 있습니다.
 컴퓨터정보과 최용구 교수님 연구실 위치가 어디인가요?,컴퓨터정보과 최용구 교수님 연구실은 2호관 2206호실에 위치해 있습니다.
 컴퓨터정보과 이성은 교수님 연구실 위치가 어디인가요?,컴퓨터정보과 이성은 교수님 연구실은 2호관 2204호실에 위치해 있습니다.
 컴퓨터정보과 윤정섭 교수님 연구실 위치가 어디인가요?,컴퓨터정보과 윤정섭 교수님 연구실은 2호관 2302호실에 위치해 있습니다.
 컴퓨터정보과 신영석 교수님 연구실 위치가 어디인가요?,컴퓨터정보과 신영석 교수님 연구실은 2호관 2202-1호실에 위치해 있습니다.
 디지털방송콘텐츠학과 김문욱 교수님 연구실 위치가 어디인가요?,디지털방송콘텐츠학과 김문욱 교수님 연구실은 8호관 8506호실에 위치해 있습니다.
 디지털방송콘텐츠학과 신재흥 교수님 연구실 위치가 어디인가요?,디지털방송콘텐츠학과 신재흥 교수님 연구실은 8호관 8505호실에 위치해 있습니다.
 디지털방송콘텐츠학과 정주리 교수님 연구실 위치가 어디인가요?,디지털방송콘텐츠학과 정주리 교수님 연구실은 본관 403호실에 위치해 있습니다.
 디지털방송콘텐츠학과 유광석 교수님 연구실 위치가 어디인가요?,디지털방송콘텐츠학과 유광석 교수님 연구실은 8호관 8509호실에 위치해 있습니다.
 디지털방송콘텐츠학과 김은영 교수님 연구실 위치가 어디인가요?,디지털방송콘텐츠학과 김은영 교수님 연구실은 본관 216호실에 위치해 있습니다.
 디지털방송콘텐츠학과 문완희 교수님 연구실 위치가 어디인가요?,디지털방송콘텐츠학과 문완희 교수님 연구실은 8호관 8508호실에 위치해 있습니다.
 디지털방송콘텐츠학과 김수현 교수님 연구실 위치가 어디인가요?,디지털방송콘텐츠학과 김수현 교수님 연구실은 8호관 8502호실에 위치해 있습니다.
 디지털방송콘텐츠학과 이승현 교수님 연구실 위치가 어디인가요?,디지털방송콘텐츠학과 이승현 교수님 연구실은 8호관 8504호실에 위치해 있습니다.
 디지털방송콘텐츠학과 최진재 교수님 연구실 위치가 어디인가요?,디지털방송콘텐츠학과 최진재 교수님 연구실은 8호관 8503호실에 위치해 있습니다.
 실내디자인학과 김석기 교수님 연구실 위치가 어디인가요?,실내디자인학과 김석기 교수님 연구실은 본관 508호실에 위치해 있습니다.
 실내디자인학과 김정수 교수님 연구실 위치가 어디인가요?,실내디자인학과 김정수 교수님 연구실은 본관 218호실에 위치해 있습니다.
 게임콘텐츠과 박선하 교수님 연구실 위치가 어디인가요?,게임콘텐츠과 박선하 교수님 연구실은 본관 411호실에 위치해 있습니다.
 게임콘텐츠과 장희 교수님 연구실 위치가 어디인가요?,게임콘텐츠과 장희 교수님 연구실은 본관 507호실에 위치해 있습니다.
 게임콘텐츠과 이진아 교수님 연구실 위치가 어디인가요?,게임콘텐츠과 이진아 교수님 연구실은 본관 306호실에 위치해 있습니다.
 자유전공학과 정주리 교수님 연구실 위치가 어디인가요?,자유전공학과 정주리 교수님 연구실은 본관 403호실에 위치해 있습니다.
 자유전공학과 홍성욱 교수님 연구실 위치가 어디인가요?,자유전공학과 홍성욱 교수님 연구실은 2호관 2309-3호실에 위치해 있습니다.
 스마트드론과 맹민재 교수님 연구실 위치가 어디인가요?,스마트드론과 맹민재 교수님 연구실은 9호관 9409호실에 위치해 있습니다.
 스마트드론과 정진화 교수님 연구실 위치가 어디인가요?,스마트드론과 정진화 교수님 연구실은 9호관 9214호실에 위치해 있습니다.
 스마트드론과 박현철 교수님 연구실 위치가 어디인가요?,스마트드론과 박현철 교수님 연구실은 9호관 9413호실에 위치해 있습니다.
 스마트드론과 남명관 교수님 연구실 위치가 어디인가요?,스마트드론과 남명관 교수님 연구실은 본관 318호실에 위치해 있습니다.
 디지털헬스케어과 우승탁 교수님 연구실 위치가 어디인가요?,디지털헬스케어과 우승탁 교수님 연구실은 8호관 8409호실에 위치해 있습니다.
 디지털헬스케어과 심현민 교수님 연구실 위치가 어디인가요?,디지털헬스케어과 심현민 교수님 연구실은 8호관 8402호실에 위치해 있습니다.
 호텔외식조리과 야은숙 교수님 연구실 위치가 어디인가요?,호텔외식조리과 야은숙 교수님 연구실은 1호관 1301호실에 위치해 있습니다.
 호텔외식조리과 김주현 교수님 연구실 위치가 어디인가요?,호텔외식조리과 김주현 교수님 연구실은 1호관 1309호실에 위치해 있습니다.
 호텔외식조리과 함형만 교수님 연구실 위치가 어디인가요?,호텔외식조리과 함형만 교수님 연구실은 1호관 1209호실에 위치해 있습니다.
 호텔외식조리과 홍우표 교수님 연구실 위치가 어디인가요?,호텔외식조리과 홍우표 교수님 연구실은 1호관 2407호실에 위치해 있습니다.
 호텔외식조리과 오병호 교수님 연구실 위치가 어디인가요?,호텔외식조리과 오병호 교수님 연구실은 2호관 207호실에 위치해 있습니다.
 호텔외식조리과 신은주 교수님 연구실 위치가 어디인가요?,호텔외식조리과 신은주 교수님 연구실은 2호관 205호실에 위치해 있습니다.
 보건의료행정학과 김정훈 교수님 연구실 위치가 어디인가요?,보건의료행정학과 김정훈 교수님 연구실은 2호관 2305호실에 위치해 있습니다.
 보건의료행정학과 이채경 교수님 연구실 위치가 어디인가요?,보건의료행정학과 이채경 교수님 연구실은 2호관 2303호실에 위치해 있습니다.
 세무회계과 최혁 교수님 연구실 위치가 어디인가요?,세무회계과 최혁 교수님 연구실은 9호관 9509호실에 위치해 있습니다.
 세무회계과 박성한 교수님 연구실 위치가 어디인가요?,세무회계과 박성한 교수님 연구실은 9호관 9508호실에 위치해 있습니다.
 마케팅과 김미현 교수님 연구실 위치가 어디인가요?,마케팅과 김미현 교수님 연구실은 9호관 9407호실에 위치해 있습니다.
 마케팅과 이경화 교수님 연구실 위치가 어디인가요?,마케팅과 이경화 교수님 연구실은 9호관 9510호실에 위치해 있습니다.
 도시계획부동산학과 김기헌 교수님 연구실 위치가 어디인가요?,도시계획부동산학과 김기헌 교수님 연구실은 9호관 9511호실에 위치해 있습니다.
 도시계획부동산학과 박필 교수님 연구실 위치가 어디인가요?,도시계획부동산학과 박필 교수님 연구실은 9호관 9512호실에 위치해 있습니다.
 도시계획부동산학과 고덕균 교수님 연구실 위치가 어디인가요?,도시계획부동산학과 고덕균 교수님 연구실은 9호관 9415호실에 위치해 있습니다.
 호텔관광경영과 유동수 교수님 연구실 위치가 어디인가요?,호텔관광경영과 유동수 교수님 연구실은 본관 5층에 위치해 있습니다.
 호텔관광경영과 허정봉 교수님 연구실 위치가 어디인가요?,호텔관광경영과 허정봉 교수님 연구실은 1호관 1308호실에 위치해 있습니다.
 호텔관광경영과 송대근 교수님 연구실 위치가 어디인가요?,호텔관광경영과 송대근 교수님 연구실은 1호관 1210호실에 위치해 있습니다.
 호텔관광경영과 김진영 교수님 연구실 위치가 어디인가요?,호텔관광경영과 김진영 교수님 연구실은 본관 2층에 위치해 있습니다.
 아동보육과 임연진 교수님 연구실 위치가 어디인가요?,아동보육과 임연진 교수님 연구실은 본관 313호실에 위치해 있습니다.
 아동보육과 유미림 교수님 연구실 위치가 어디인가요?,아동보육과 유미림 교수님 연구실은 본관 3층에 위치해 있습니다.
 아동보육과 박현경 교수님 연구실 위치가 어디인가요?,아동보육과 박현경 교수님 연구실은 본관 2층에 위치해 있습니다.
 사회복지학과 김상아 교수님 연구실 위치가 어디인가요?,사회복지학과 김상아 교수님 연구실은 9호관 9411호실에 위치해 있습니다.
 사회복지학과 이규은 교수님 연구실 위치가 어디인가요?,사회복지학과 이규은 교수님 연구실은 본관 401호실에 위치해 있습니다.
 사회복지학과 승금희 교수님 연구실 위치가 어디인가요?,사회복지학과 승금희 교수님 연구실은 9호관 9408호실에 위치해 있습니다.
 사회복지학과 이상철 교수님 연구실 위치가 어디인가요?,사회복지학과 이상철 교수님 연구실은 9호관 9410호실에 위치해 있습니다.
 사회복지학과 유비 교수님 연구실 위치가 어디인가요?,사회복지학과 유비 교수님 연구실은 9호관 9305-3호실에 위치해 있습니다.
 항공서비스학과 최승리 교수님 연구실 위치가 어디인가요?,항공서비스학과 최승리 교수님 연구실은 본관 206호실에 위치해 있습니다.
 항공서비스학과 박신영 교수님 연구실 위치가 어디인가요?,항공서비스학과 박신영 교수님 연구실은 1호관 1401-2호실에 위치해 있습니다.
 항공서비스학과 왕수명 교수님 연구실 위치가 어디인가요?,항공서비스학과 왕수명 교수님 연구실은 본관 307호실에 위치해 있습니다.
 항공서비스학과 유을순 교수님 연구실 위치가 어디인가요?,항공서비스학과 유을순 교수님 연구실은 본관 205호실에 위치해 있습니다.
 글로벌중국비즈니스과 홍규선 교수님 연구실 위치가 어디인가요?,글로벌중국비즈니스과 홍규선 교수님 연구실은 본관 310호실에 위치해 있습니다.
 글로벌중국비즈니스과 임난영 교수님 연구실 위치가 어디인가요?,글로벌중국비즈니스과 임난영 교수님 연구실은 본관 410호실에 위치해 있습니다.
 글로벌중국비즈니스과 유창승 교수님 연구실 위치가 어디인가요?,글로벌중국비즈니스과 유창승 교수님 연구실은 1호관 1202호실에 위치해 있습니다.
 글로벌중국비즈니스과 지용일 교수님 연구실 위치가 어디인가요?,글로벌중국비즈니스과 지용일 교수님 연구실은 본관 311호실에 위치해 있습니다.
 글로벌중국비즈니스과 이리 교수님 연구실 위치가 어디인가요?,글로벌중국비즈니스과 이리 교수님 연구실은 본관 512호실에 위치해 있습니다.
 사회복지상담과 김상아 교수님 연구실 위치가 어디인가요?,사회복지상담과 김상아 교수님 연구실은 9호관 9411호실에 위치해 있습니다.
 사회복지상담과 유비 교수님 연구실 위치가 어디인가요?,사회복지상담과 유비 교수님 연구실은 9호관 9305-3호실에 위치해 있습니다.
 사회복지상담과 이규은 교수님 연구실 위치가 어디인가요?,사회복지상담과 이규은 교수님 연구실은 본관 401호실에 위치해 있습니다.
 사회복지상담과 승금희 교수님 연구실 위치가 어디인가요?,사회복지상담과 승금희 교수님 연구실은 9호관 9408호실에 위치해 있습니다.
 사회복지상담과 이상철 교수님 연구실 위치가 어디인가요?,사회복지상담과 이상철 교수님 연구실은 9호관 9410호실에 위치해 있습니다.
 레저스포츠학과 공창빈 교수님 연구실 위치가 어디인가요?,레저스포츠학과 공창빈 교수님 연구실은 5호관 5206-1호실에 위치해 있습니다.
 레저스포츠학과 이현주 교수님 연구실 위치가 어디인가요?,레저스포츠학과 이현주 교수님 연구실은 5호관 5206-2호실에 위치해 있습니다.
 레저스포츠학과 정은주 교수님 연구실 위치가 어디인가요?,레저스포츠학과 정은주 교수님 연구실은 본관 315호실에 위치해 있습니다.
 레저스포츠학과 김승용 교수님 연구실 위치가 어디인가요?,레저스포츠학과 김승용 교수님 연구실은 본관 413호실에 위치해 있습니다.
 산업디자인학과 황정행 교수님 연구실 위치가 어디인가요?,산업디자인학과 황정행 교수님 연구실은 본관 5층에 위치해 있습니다.
 산업디자인학과 유승용 교수님 연구실 위치가 어디인가요?,산업디자인학과 유승용 교수님 연구실은 본관 5층에 위치해 있습니다.
 산업디자인학과 이경아 교수님 연구실 위치가 어디인가요?,산업디자인학과 이경아 교수님 연구실은 본관 2층에 위치해 있습니다.
 산업디자인학과 김두한 교수님 연구실 위치가 어디인가요?,산업디자인학과 김두한 교수님 연구실은 본관 3층에 위치해 있습니다.
 산업디자인학과 다까스요꼬 교수님 연구실 위치가 어디인가요?,산업디자인학과 다까스요꼬 교수님 연구실은 본관 4층에 위치해 있습니다.
 산업디자인학과 최재홍 교수님 연구실 위치가 어디인가요?,산업디자인학과 최재홍 교수님 연구실은 본관 5층에 위치해 있습니다.
 시각디자인학과 정상곤 교수님 연구실 위치가 어디인가요?,시각디자인학과 정상곤 교수님 연구실은 본관 5층에 위치해 있습니다.
 시각디자인학과 장규순 교수님 연구실 위치가 어디인가요?,시각디자인학과 장규순 교수님 연구실은 본관 2층에 위치해 있습니다.
 시각디자인학과 이경규 교수님 연구실 위치가 어디인가요?,시각디자인학과 이경규 교수님 연구실은 본관 4층에 위치해 있습니다.
 시각디자인학과 한준호 교수님 연구실 위치가 어디인가요?,시각디자인학과 한준호 교수님 연구실은 본관 3층에 위치해 있습니다.
 시각디자인학과 이형주 교수님 연구실 위치가 어디인가요?,시각디자인학과 이형주 교수님 연구실은 본관 4층에 위치해 있습니다.
 시각디자인학과 한결 교수님 연구실 위치가 어디인가요?,시각디자인학과 한결 교수님 연구실은 본관 418호실에 위치해 있습니다.
 시각디자인학과 정수인 교수님 연구실 위치가 어디인가요?,시각디자인학과 정수인 교수님 연구실은 본관 5층에 위치해 있습니다.
 주얼리디자인과 조선형 교수님 연구실 위치가 어디인가요?,주얼리디자인과 조선형 교수님 연구실은 9호관 9308호실에 위치해 있습니다.
 주얼리디자인과 히로다까시 교수님 연구실 위치가 어디인가요?,주얼리디자인과 히로다까시 교수님 연구실은 본관 518호실에 위치해 있습니다.
 주얼리디자인과 정선영 교수님 연구실 위치가 어디인가요?,주얼리디자인과 정선영 교수님 연구실은 9호관 9309호실에 위치해 있습니다.
 뷰티코디네이션과 이미희 교수님 연구실 위치가 어디인가요?,뷰티코디네이션과 이미희 교수님 연구실은 본관 4층에 위치해 있습니다.
 뷰티코디네이션과 홍란희 교수님 연구실 위치가 어디인가요?,뷰티코디네이션과 홍란희 교수님 연구실은 본관 4층에 위치해 있습니다.
 뷰티코디네이션과 윤복연 교수님 연구실 위치가 어디인가요?,뷰티코디네이션과 윤복연 교수님 연구실은본관 4층에 위치해 있습니다.
 뷰티코디네이션과 이영조 교수님 연구실 위치가 어디인가요?,뷰티코디네이션과 이영조 교수님 연구실은 본관 3층에 위치해 있습니다.
 콘텐츠크리에이터과 유희삼 교수님 연구실 위치가 어디인가요?,콘텐츠크리에이터과 유희삼 교수님 연구실은 8호관 8507호실에 위치해 있습니다.
 엔터테인먼트경영과 정헌 교수님 연구실 위치가 어디인가요?,엔터테인먼트경영과 정헌 교수님 연구실은 2호관 2306호실에 위치해 있습니다.
 엔터테인먼트경영과 이영주 교수님 연구실 위치가 어디인가요?,엔터테인먼트경영과 이영주 교수님 연구실은 본관 511호실에 위치해 있습니다.
 무대미술과 전경란 교수님 연구실 위치가 어디인가요?,무대미술과 전경란 교수님 연구실은 본관 419호실에 위치해 있습니다.
 웹툰과 김두한 교수님 연구실 위치가 어디인가요?,웹툰과 김두한 교수님 연구실은 본관 309호실에 위치해 있습니다.
 웹툰과 최훈 교수님 연구실 위치가 어디인가요?,웹툰과 최훈 교수님 연구실은 본관 409호실에 위치해 있습니다.
